ISO-10303-21;
HEADER;
/* Generated by software containing ST-Developer
 * from STEP Tools, Inc. (www.steptools.com) 
 */

FILE_DESCRIPTION(
/* description */ (''),
/* implementation_level */ '2;1');

FILE_NAME(
/* name */ '',
/* time_stamp */ '2025-11-06T01:59:38+08:00',
/* author */ ('XH'),
/* organization */ (''),
/* preprocessor_version */ 'ST-DEVELOPER v20',
/* originating_system */ 'Autodesk Inventor 2025',
/* authorisation */ '');

FILE_SCHEMA (('AUTOMOTIVE_DESIGN { 1 0 10303 214 3 1 1 }'));
ENDSEC;

DATA;
#10=MECHANICAL_DESIGN_GEOMETRIC_PRESENTATION_REPRESENTATION('',(#13),#2633);
#11=SHAPE_REPRESENTATION_RELATIONSHIP('SRR','None',#2640,#12);
#12=ADVANCED_BREP_SHAPE_REPRESENTATION('',(#14),#2632);
#13=STYLED_ITEM('',(#2649),#14);
#14=MANIFOLD_SOLID_BREP('\X2\5B9E4F53\X0\1',#1538);
#15=CONICAL_SURFACE('',#1626,20.6,0.785398163397454);
#16=CONICAL_SURFACE('',#1627,11.,0.785398163397452);
#17=CONICAL_SURFACE('',#1628,8.99999999999999,0.785398163397453);
#18=CONICAL_SURFACE('',#1629,15.075,0.785398163397462);
#19=CONICAL_SURFACE('',#1630,14.575,0.78539816339745);
#20=FACE_BOUND('',#169,.T.);
#21=FACE_BOUND('',#172,.T.);
#22=FACE_BOUND('',#173,.T.);
#23=FACE_BOUND('',#174,.T.);
#24=FACE_BOUND('',#175,.T.);
#25=FACE_BOUND('',#176,.T.);
#26=FACE_BOUND('',#177,.T.);
#27=FACE_BOUND('',#178,.T.);
#28=FACE_BOUND('',#179,.T.);
#29=FACE_BOUND('',#180,.T.);
#30=FACE_BOUND('',#183,.T.);
#31=FACE_BOUND('',#187,.T.);
#32=FACE_BOUND('',#227,.T.);
#33=FACE_BOUND('',#232,.T.);
#34=FACE_BOUND('',#237,.T.);
#35=FACE_BOUND('',#242,.T.);
#36=FACE_BOUND('',#247,.T.);
#37=FACE_BOUND('',#252,.T.);
#38=FACE_BOUND('',#257,.T.);
#39=FACE_BOUND('',#262,.T.);
#40=PLANE('',#1564);
#41=PLANE('',#1570);
#42=PLANE('',#1606);
#43=PLANE('',#1621);
#44=PLANE('',#1624);
#45=PLANE('',#1633);
#46=PLANE('',#1636);
#47=PLANE('',#1639);
#48=PLANE('',#1642);
#49=PLANE('',#1645);
#50=PLANE('',#1648);
#51=PLANE('',#1651);
#52=PLANE('',#1654);
#53=PLANE('',#1657);
#54=PLANE('',#1660);
#55=PLANE('',#1663);
#56=PLANE('',#1666);
#57=PLANE('',#1669);
#58=PLANE('',#1672);
#59=PLANE('',#1675);
#60=PLANE('',#1678);
#61=PLANE('',#1679);
#62=PLANE('',#1681);
#63=PLANE('',#1683);
#64=PLANE('',#1684);
#65=PLANE('',#1686);
#66=PLANE('',#1688);
#67=PLANE('',#1689);
#68=PLANE('',#1691);
#69=PLANE('',#1693);
#70=PLANE('',#1694);
#71=PLANE('',#1696);
#72=PLANE('',#1698);
#73=PLANE('',#1699);
#74=PLANE('',#1701);
#75=PLANE('',#1703);
#76=PLANE('',#1704);
#77=PLANE('',#1706);
#78=PLANE('',#1708);
#79=PLANE('',#1709);
#80=PLANE('',#1711);
#81=PLANE('',#1713);
#82=PLANE('',#1714);
#83=PLANE('',#1716);
#84=PLANE('',#1718);
#85=PLANE('',#1721);
#86=FACE_OUTER_BOUND('',#167,.T.);
#87=FACE_OUTER_BOUND('',#168,.T.);
#88=FACE_OUTER_BOUND('',#170,.T.);
#89=FACE_OUTER_BOUND('',#171,.T.);
#90=FACE_OUTER_BOUND('',#181,.T.);
#91=FACE_OUTER_BOUND('',#182,.T.);
#92=FACE_OUTER_BOUND('',#184,.T.);
#93=FACE_OUTER_BOUND('',#185,.T.);
#94=FACE_OUTER_BOUND('',#186,.T.);
#95=FACE_OUTER_BOUND('',#188,.T.);
#96=FACE_OUTER_BOUND('',#189,.T.);
#97=FACE_OUTER_BOUND('',#190,.T.);
#98=FACE_OUTER_BOUND('',#191,.T.);
#99=FACE_OUTER_BOUND('',#192,.T.);
#100=FACE_OUTER_BOUND('',#193,.T.);
#101=FACE_OUTER_BOUND('',#194,.T.);
#102=FACE_OUTER_BOUND('',#195,.T.);
#103=FACE_OUTER_BOUND('',#196,.T.);
#104=FACE_OUTER_BOUND('',#197,.T.);
#105=FACE_OUTER_BOUND('',#198,.T.);
#106=FACE_OUTER_BOUND('',#199,.T.);
#107=FACE_OUTER_BOUND('',#200,.T.);
#108=FACE_OUTER_BOUND('',#201,.T.);
#109=FACE_OUTER_BOUND('',#202,.T.);
#110=FACE_OUTER_BOUND('',#203,.T.);
#111=FACE_OUTER_BOUND('',#204,.T.);
#112=FACE_OUTER_BOUND('',#205,.T.);
#113=FACE_OUTER_BOUND('',#206,.T.);
#114=FACE_OUTER_BOUND('',#207,.T.);
#115=FACE_OUTER_BOUND('',#208,.T.);
#116=FACE_OUTER_BOUND('',#209,.T.);
#117=FACE_OUTER_BOUND('',#210,.T.);
#118=FACE_OUTER_BOUND('',#211,.T.);
#119=FACE_OUTER_BOUND('',#212,.T.);
#120=FACE_OUTER_BOUND('',#213,.T.);
#121=FACE_OUTER_BOUND('',#214,.T.);
#122=FACE_OUTER_BOUND('',#215,.T.);
#123=FACE_OUTER_BOUND('',#216,.T.);
#124=FACE_OUTER_BOUND('',#217,.T.);
#125=FACE_OUTER_BOUND('',#218,.T.);
#126=FACE_OUTER_BOUND('',#219,.T.);
#127=FACE_OUTER_BOUND('',#220,.T.);
#128=FACE_OUTER_BOUND('',#221,.T.);
#129=FACE_OUTER_BOUND('',#222,.T.);
#130=FACE_OUTER_BOUND('',#223,.T.);
#131=FACE_OUTER_BOUND('',#224,.T.);
#132=FACE_OUTER_BOUND('',#225,.T.);
#133=FACE_OUTER_BOUND('',#226,.T.);
#134=FACE_OUTER_BOUND('',#228,.T.);
#135=FACE_OUTER_BOUND('',#229,.T.);
#136=FACE_OUTER_BOUND('',#230,.T.);
#137=FACE_OUTER_BOUND('',#231,.T.);
#138=FACE_OUTER_BOUND('',#233,.T.);
#139=FACE_OUTER_BOUND('',#234,.T.);
#140=FACE_OUTER_BOUND('',#235,.T.);
#141=FACE_OUTER_BOUND('',#236,.T.);
#142=FACE_OUTER_BOUND('',#238,.T.);
#143=FACE_OUTER_BOUND('',#239,.T.);
#144=FACE_OUTER_BOUND('',#240,.T.);
#145=FACE_OUTER_BOUND('',#241,.T.);
#146=FACE_OUTER_BOUND('',#243,.T.);
#147=FACE_OUTER_BOUND('',#244,.T.);
#148=FACE_OUTER_BOUND('',#245,.T.);
#149=FACE_OUTER_BOUND('',#246,.T.);
#150=FACE_OUTER_BOUND('',#248,.T.);
#151=FACE_OUTER_BOUND('',#249,.T.);
#152=FACE_OUTER_BOUND('',#250,.T.);
#153=FACE_OUTER_BOUND('',#251,.T.);
#154=FACE_OUTER_BOUND('',#253,.T.);
#155=FACE_OUTER_BOUND('',#254,.T.);
#156=FACE_OUTER_BOUND('',#255,.T.);
#157=FACE_OUTER_BOUND('',#256,.T.);
#158=FACE_OUTER_BOUND('',#258,.T.);
#159=FACE_OUTER_BOUND('',#259,.T.);
#160=FACE_OUTER_BOUND('',#260,.T.);
#161=FACE_OUTER_BOUND('',#261,.T.);
#162=FACE_OUTER_BOUND('',#263,.T.);
#163=FACE_OUTER_BOUND('',#264,.T.);
#164=FACE_OUTER_BOUND('',#265,.T.);
#165=FACE_OUTER_BOUND('',#266,.T.);
#166=FACE_OUTER_BOUND('',#267,.T.);
#167=EDGE_LOOP('',(#989,#990,#991,#992));
#168=EDGE_LOOP('',(#993));
#169=EDGE_LOOP('',(#994));
#170=EDGE_LOOP('',(#995,#996,#997,#998));
#171=EDGE_LOOP('',(#999));
#172=EDGE_LOOP('',(#1000));
#173=EDGE_LOOP('',(#1001,#1002,#1003,#1004));
#174=EDGE_LOOP('',(#1005,#1006,#1007,#1008));
#175=EDGE_LOOP('',(#1009,#1010,#1011,#1012));
#176=EDGE_LOOP('',(#1013,#1014,#1015,#1016));
#177=EDGE_LOOP('',(#1017,#1018,#1019,#1020));
#178=EDGE_LOOP('',(#1021,#1022,#1023,#1024));
#179=EDGE_LOOP('',(#1025,#1026,#1027,#1028));
#180=EDGE_LOOP('',(#1029,#1030,#1031,#1032));
#181=EDGE_LOOP('',(#1033,#1034,#1035,#1036,#1037,#1038,#1039,#1040,#1041,
#1042,#1043,#1044,#1045,#1046,#1047,#1048,#1049,#1050,#1051,#1052,#1053,
#1054,#1055,#1056,#1057,#1058,#1059,#1060,#1061,#1062,#1063,#1064,#1065,
#1066,#1067,#1068));
#182=EDGE_LOOP('',(#1069,#1070,#1071,#1072,#1073,#1074,#1075,#1076,#1077,
#1078,#1079,#1080,#1081,#1082,#1083,#1084,#1085,#1086,#1087,#1088,#1089,
#1090,#1091,#1092,#1093,#1094,#1095,#1096,#1097,#1098,#1099,#1100));
#183=EDGE_LOOP('',(#1101));
#184=EDGE_LOOP('',(#1102,#1103,#1104,#1105));
#185=EDGE_LOOP('',(#1106,#1107,#1108,#1109));
#186=EDGE_LOOP('',(#1110));
#187=EDGE_LOOP('',(#1111));
#188=EDGE_LOOP('',(#1112));
#189=EDGE_LOOP('',(#1113,#1114,#1115,#1116));
#190=EDGE_LOOP('',(#1117,#1118,#1119,#1120));
#191=EDGE_LOOP('',(#1121,#1122,#1123,#1124));
#192=EDGE_LOOP('',(#1125,#1126,#1127,#1128));
#193=EDGE_LOOP('',(#1129,#1130,#1131,#1132));
#194=EDGE_LOOP('',(#1133,#1134,#1135,#1136));
#195=EDGE_LOOP('',(#1137,#1138,#1139,#1140));
#196=EDGE_LOOP('',(#1141,#1142,#1143,#1144));
#197=EDGE_LOOP('',(#1145,#1146,#1147,#1148));
#198=EDGE_LOOP('',(#1149,#1150,#1151,#1152));
#199=EDGE_LOOP('',(#1153,#1154,#1155,#1156));
#200=EDGE_LOOP('',(#1157,#1158,#1159,#1160));
#201=EDGE_LOOP('',(#1161,#1162,#1163,#1164));
#202=EDGE_LOOP('',(#1165,#1166,#1167,#1168));
#203=EDGE_LOOP('',(#1169,#1170,#1171,#1172));
#204=EDGE_LOOP('',(#1173,#1174,#1175,#1176));
#205=EDGE_LOOP('',(#1177,#1178,#1179,#1180));
#206=EDGE_LOOP('',(#1181,#1182,#1183,#1184));
#207=EDGE_LOOP('',(#1185,#1186,#1187,#1188));
#208=EDGE_LOOP('',(#1189,#1190,#1191,#1192));
#209=EDGE_LOOP('',(#1193,#1194,#1195,#1196));
#210=EDGE_LOOP('',(#1197,#1198,#1199,#1200));
#211=EDGE_LOOP('',(#1201,#1202,#1203,#1204));
#212=EDGE_LOOP('',(#1205,#1206,#1207,#1208));
#213=EDGE_LOOP('',(#1209,#1210,#1211,#1212));
#214=EDGE_LOOP('',(#1213,#1214,#1215,#1216));
#215=EDGE_LOOP('',(#1217,#1218,#1219,#1220));
#216=EDGE_LOOP('',(#1221,#1222,#1223,#1224));
#217=EDGE_LOOP('',(#1225,#1226,#1227,#1228));
#218=EDGE_LOOP('',(#1229,#1230,#1231,#1232));
#219=EDGE_LOOP('',(#1233,#1234,#1235,#1236));
#220=EDGE_LOOP('',(#1237,#1238,#1239,#1240));
#221=EDGE_LOOP('',(#1241,#1242,#1243,#1244));
#222=EDGE_LOOP('',(#1245,#1246,#1247,#1248));
#223=EDGE_LOOP('',(#1249,#1250,#1251,#1252));
#224=EDGE_LOOP('',(#1253,#1254,#1255,#1256));
#225=EDGE_LOOP('',(#1257,#1258,#1259,#1260));
#226=EDGE_LOOP('',(#1261,#1262,#1263,#1264));
#227=EDGE_LOOP('',(#1265,#1266,#1267,#1268));
#228=EDGE_LOOP('',(#1269,#1270,#1271,#1272));
#229=EDGE_LOOP('',(#1273,#1274,#1275,#1276));
#230=EDGE_LOOP('',(#1277,#1278,#1279,#1280));
#231=EDGE_LOOP('',(#1281,#1282,#1283,#1284));
#232=EDGE_LOOP('',(#1285,#1286,#1287,#1288));
#233=EDGE_LOOP('',(#1289,#1290,#1291,#1292));
#234=EDGE_LOOP('',(#1293,#1294,#1295,#1296));
#235=EDGE_LOOP('',(#1297,#1298,#1299,#1300));
#236=EDGE_LOOP('',(#1301,#1302,#1303,#1304));
#237=EDGE_LOOP('',(#1305,#1306,#1307,#1308));
#238=EDGE_LOOP('',(#1309,#1310,#1311,#1312));
#239=EDGE_LOOP('',(#1313,#1314,#1315,#1316));
#240=EDGE_LOOP('',(#1317,#1318,#1319,#1320));
#241=EDGE_LOOP('',(#1321,#1322,#1323,#1324));
#242=EDGE_LOOP('',(#1325,#1326,#1327,#1328));
#243=EDGE_LOOP('',(#1329,#1330,#1331,#1332));
#244=EDGE_LOOP('',(#1333,#1334,#1335,#1336));
#245=EDGE_LOOP('',(#1337,#1338,#1339,#1340));
#246=EDGE_LOOP('',(#1341,#1342,#1343,#1344,#1345));
#247=EDGE_LOOP('',(#1346,#1347,#1348,#1349));
#248=EDGE_LOOP('',(#1350,#1351,#1352,#1353));
#249=EDGE_LOOP('',(#1354,#1355,#1356,#1357));
#250=EDGE_LOOP('',(#1358,#1359,#1360,#1361));
#251=EDGE_LOOP('',(#1362,#1363,#1364,#1365));
#252=EDGE_LOOP('',(#1366,#1367,#1368,#1369));
#253=EDGE_LOOP('',(#1370,#1371,#1372,#1373));
#254=EDGE_LOOP('',(#1374,#1375,#1376,#1377));
#255=EDGE_LOOP('',(#1378,#1379,#1380,#1381));
#256=EDGE_LOOP('',(#1382,#1383,#1384,#1385));
#257=EDGE_LOOP('',(#1386,#1387,#1388,#1389));
#258=EDGE_LOOP('',(#1390,#1391,#1392,#1393));
#259=EDGE_LOOP('',(#1394,#1395,#1396,#1397));
#260=EDGE_LOOP('',(#1398,#1399,#1400,#1401));
#261=EDGE_LOOP('',(#1402,#1403,#1404,#1405));
#262=EDGE_LOOP('',(#1406,#1407,#1408,#1409));
#263=EDGE_LOOP('',(#1410,#1411,#1412,#1413));
#264=EDGE_LOOP('',(#1414,#1415,#1416,#1417));
#265=EDGE_LOOP('',(#1418,#1419,#1420,#1421));
#266=EDGE_LOOP('',(#1422,#1423,#1424,#1425));
#267=EDGE_LOOP('',(#1426));
#268=LINE('',#2190,#407);
#269=LINE('',#2201,#408);
#270=LINE('',#2210,#409);
#271=LINE('',#2213,#410);
#272=LINE('',#2218,#411);
#273=LINE('',#2221,#412);
#274=LINE('',#2226,#413);
#275=LINE('',#2229,#414);
#276=LINE('',#2234,#415);
#277=LINE('',#2237,#416);
#278=LINE('',#2242,#417);
#279=LINE('',#2245,#418);
#280=LINE('',#2250,#419);
#281=LINE('',#2253,#420);
#282=LINE('',#2258,#421);
#283=LINE('',#2261,#422);
#284=LINE('',#2266,#423);
#285=LINE('',#2269,#424);
#286=LINE('',#2272,#425);
#287=LINE('',#2276,#426);
#288=LINE('',#2280,#427);
#289=LINE('',#2284,#428);
#290=LINE('',#2288,#429);
#291=LINE('',#2292,#430);
#292=LINE('',#2296,#431);
#293=LINE('',#2300,#432);
#294=LINE('',#2304,#433);
#295=LINE('',#2308,#434);
#296=LINE('',#2312,#435);
#297=LINE('',#2316,#436);
#298=LINE('',#2320,#437);
#299=LINE('',#2324,#438);
#300=LINE('',#2328,#439);
#301=LINE('',#2332,#440);
#302=LINE('',#2336,#441);
#303=LINE('',#2340,#442);
#304=LINE('',#2343,#443);
#305=LINE('',#2345,#444);
#306=LINE('',#2348,#445);
#307=LINE('',#2350,#446);
#308=LINE('',#2353,#447);
#309=LINE('',#2355,#448);
#310=LINE('',#2358,#449);
#311=LINE('',#2360,#450);
#312=LINE('',#2363,#451);
#313=LINE('',#2365,#452);
#314=LINE('',#2368,#453);
#315=LINE('',#2370,#454);
#316=LINE('',#2373,#455);
#317=LINE('',#2375,#456);
#318=LINE('',#2378,#457);
#319=LINE('',#2383,#458);
#320=LINE('',#2389,#459);
#321=LINE('',#2400,#460);
#322=LINE('',#2402,#461);
#323=LINE('',#2404,#462);
#324=LINE('',#2406,#463);
#325=LINE('',#2408,#464);
#326=LINE('',#2411,#465);
#327=LINE('',#2414,#466);
#328=LINE('',#2417,#467);
#329=LINE('',#2418,#468);
#330=LINE('',#2421,#469);
#331=LINE('',#2424,#470);
#332=LINE('',#2427,#471);
#333=LINE('',#2430,#472);
#334=LINE('',#2433,#473);
#335=LINE('',#2434,#474);
#336=LINE('',#2437,#475);
#337=LINE('',#2440,#476);
#338=LINE('',#2443,#477);
#339=LINE('',#2446,#478);
#340=LINE('',#2449,#479);
#341=LINE('',#2450,#480);
#342=LINE('',#2453,#481);
#343=LINE('',#2456,#482);
#344=LINE('',#2459,#483);
#345=LINE('',#2462,#484);
#346=LINE('',#2465,#485);
#347=LINE('',#2466,#486);
#348=LINE('',#2469,#487);
#349=LINE('',#2472,#488);
#350=LINE('',#2475,#489);
#351=LINE('',#2478,#490);
#352=LINE('',#2481,#491);
#353=LINE('',#2482,#492);
#354=LINE('',#2485,#493);
#355=LINE('',#2488,#494);
#356=LINE('',#2491,#495);
#357=LINE('',#2494,#496);
#358=LINE('',#2497,#497);
#359=LINE('',#2498,#498);
#360=LINE('',#2501,#499);
#361=LINE('',#2504,#500);
#362=LINE('',#2507,#501);
#363=LINE('',#2510,#502);
#364=LINE('',#2513,#503);
#365=LINE('',#2514,#504);
#366=LINE('',#2517,#505);
#367=LINE('',#2520,#506);
#368=LINE('',#2523,#507);
#369=LINE('',#2526,#508);
#370=LINE('',#2529,#509);
#371=LINE('',#2530,#510);
#372=LINE('',#2533,#511);
#373=LINE('',#2536,#512);
#374=LINE('',#2539,#513);
#375=LINE('',#2542,#514);
#376=LINE('',#2544,#515);
#377=LINE('',#2546,#516);
#378=LINE('',#2550,#517);
#379=LINE('',#2553,#518);
#380=LINE('',#2555,#519);
#381=LINE('',#2557,#520);
#382=LINE('',#2561,#521);
#383=LINE('',#2564,#522);
#384=LINE('',#2566,#523);
#385=LINE('',#2568,#524);
#386=LINE('',#2572,#525);
#387=LINE('',#2575,#526);
#388=LINE('',#2577,#527);
#389=LINE('',#2579,#528);
#390=LINE('',#2583,#529);
#391=LINE('',#2586,#530);
#392=LINE('',#2588,#531);
#393=LINE('',#2590,#532);
#394=LINE('',#2594,#533);
#395=LINE('',#2597,#534);
#396=LINE('',#2599,#535);
#397=LINE('',#2601,#536);
#398=LINE('',#2605,#537);
#399=LINE('',#2608,#538);
#400=LINE('',#2610,#539);
#401=LINE('',#2612,#540);
#402=LINE('',#2616,#541);
#403=LINE('',#2619,#542);
#404=LINE('',#2621,#543);
#405=LINE('',#2623,#544);
#406=LINE('',#2628,#545);
#407=VECTOR('',#1728,11.);
#408=VECTOR('',#1741,22.6);
#409=VECTOR('',#1750,1.00000000000001);
#410=VECTOR('',#1753,1.);
#411=VECTOR('',#1756,1.);
#412=VECTOR('',#1759,1.);
#413=VECTOR('',#1762,1.);
#414=VECTOR('',#1765,1.);
#415=VECTOR('',#1768,0.999999999999993);
#416=VECTOR('',#1771,1.);
#417=VECTOR('',#1774,1.);
#418=VECTOR('',#1777,1.);
#419=VECTOR('',#1780,0.999999999999992);
#420=VECTOR('',#1783,1.);
#421=VECTOR('',#1786,1.);
#422=VECTOR('',#1789,1.);
#423=VECTOR('',#1792,1.);
#424=VECTOR('',#1795,1.);
#425=VECTOR('',#1798,33.5);
#426=VECTOR('',#1801,8.);
#427=VECTOR('',#1804,8.);
#428=VECTOR('',#1807,8.);
#429=VECTOR('',#1810,8.);
#430=VECTOR('',#1813,8.);
#431=VECTOR('',#1816,8.);
#432=VECTOR('',#1819,8.);
#433=VECTOR('',#1822,8.);
#434=VECTOR('',#1825,8.);
#435=VECTOR('',#1828,8.);
#436=VECTOR('',#1831,8.);
#437=VECTOR('',#1834,8.);
#438=VECTOR('',#1837,8.);
#439=VECTOR('',#1840,8.);
#440=VECTOR('',#1843,8.);
#441=VECTOR('',#1846,8.);
#442=VECTOR('',#1851,5.80600546448043);
#443=VECTOR('',#1854,5.80600546448042);
#444=VECTOR('',#1855,5.80600546448043);
#445=VECTOR('',#1858,5.80600546448043);
#446=VECTOR('',#1859,5.80600546448043);
#447=VECTOR('',#1862,5.80600546448043);
#448=VECTOR('',#1863,5.80600546448042);
#449=VECTOR('',#1866,5.80600546448042);
#450=VECTOR('',#1867,5.80600546448042);
#451=VECTOR('',#1870,5.80600546448042);
#452=VECTOR('',#1871,5.80600546448043);
#453=VECTOR('',#1874,5.80600546448043);
#454=VECTOR('',#1875,5.80600546448043);
#455=VECTOR('',#1878,5.80600546448043);
#456=VECTOR('',#1879,5.80600546448043);
#457=VECTOR('',#1882,5.80600546448043);
#458=VECTOR('',#1887,15.075);
#459=VECTOR('',#1894,14.575);
#460=VECTOR('',#1909,20.6);
#461=VECTOR('',#1912,11.);
#462=VECTOR('',#1915,8.99999999999999);
#463=VECTOR('',#1918,15.075);
#464=VECTOR('',#1921,14.575);
#465=VECTOR('',#1924,2.);
#466=VECTOR('',#1927,2.);
#467=VECTOR('',#1930,2.);
#468=VECTOR('',#1931,1.);
#469=VECTOR('',#1934,2.);
#470=VECTOR('',#1939,1.);
#471=VECTOR('',#1942,2.);
#472=VECTOR('',#1945,2.);
#473=VECTOR('',#1948,2.);
#474=VECTOR('',#1949,1.);
#475=VECTOR('',#1952,2.);
#476=VECTOR('',#1957,1.);
#477=VECTOR('',#1960,2.);
#478=VECTOR('',#1963,2.);
#479=VECTOR('',#1966,2.);
#480=VECTOR('',#1967,1.);
#481=VECTOR('',#1970,2.);
#482=VECTOR('',#1975,1.);
#483=VECTOR('',#1978,2.);
#484=VECTOR('',#1981,2.);
#485=VECTOR('',#1984,2.);
#486=VECTOR('',#1985,1.);
#487=VECTOR('',#1988,2.);
#488=VECTOR('',#1993,1.);
#489=VECTOR('',#1996,2.);
#490=VECTOR('',#1999,2.);
#491=VECTOR('',#2002,2.);
#492=VECTOR('',#2003,1.);
#493=VECTOR('',#2006,2.);
#494=VECTOR('',#2011,1.);
#495=VECTOR('',#2014,2.);
#496=VECTOR('',#2017,2.);
#497=VECTOR('',#2020,2.);
#498=VECTOR('',#2021,1.);
#499=VECTOR('',#2024,2.);
#500=VECTOR('',#2029,1.);
#501=VECTOR('',#2032,2.);
#502=VECTOR('',#2035,2.);
#503=VECTOR('',#2038,2.);
#504=VECTOR('',#2039,1.);
#505=VECTOR('',#2042,2.);
#506=VECTOR('',#2047,1.);
#507=VECTOR('',#2050,2.);
#508=VECTOR('',#2053,2.);
#509=VECTOR('',#2056,2.);
#510=VECTOR('',#2057,1.);
#511=VECTOR('',#2060,2.);
#512=VECTOR('',#2065,1.);
#513=VECTOR('',#2068,5.80600546448043);
#514=VECTOR('',#2071,5.80600546448043);
#515=VECTOR('',#2074,8.);
#516=VECTOR('',#2077,8.);
#517=VECTOR('',#2082,5.80600546448042);
#518=VECTOR('',#2085,5.80600546448043);
#519=VECTOR('',#2088,8.);
#520=VECTOR('',#2091,8.);
#521=VECTOR('',#2096,5.80600546448043);
#522=VECTOR('',#2099,5.80600546448042);
#523=VECTOR('',#2102,8.);
#524=VECTOR('',#2105,8.);
#525=VECTOR('',#2110,5.80600546448043);
#526=VECTOR('',#2113,5.80600546448042);
#527=VECTOR('',#2116,8.);
#528=VECTOR('',#2119,8.);
#529=VECTOR('',#2124,5.80600546448043);
#530=VECTOR('',#2127,5.80600546448043);
#531=VECTOR('',#2130,8.);
#532=VECTOR('',#2133,8.);
#533=VECTOR('',#2138,5.80600546448043);
#534=VECTOR('',#2141,5.80600546448043);
#535=VECTOR('',#2144,8.);
#536=VECTOR('',#2147,8.);
#537=VECTOR('',#2152,5.80600546448042);
#538=VECTOR('',#2155,5.80600546448043);
#539=VECTOR('',#2158,8.);
#540=VECTOR('',#2161,8.);
#541=VECTOR('',#2166,5.80600546448043);
#542=VECTOR('',#2169,5.80600546448043);
#543=VECTOR('',#2172,8.);
#544=VECTOR('',#2175,8.);
#545=VECTOR('',#2182,2.4);
#546=CIRCLE('',#1562,11.);
#547=CIRCLE('',#1563,11.);
#548=CIRCLE('',#1565,20.6);
#549=CIRCLE('',#1566,13.);
#550=CIRCLE('',#1568,22.6);
#551=CIRCLE('',#1569,22.6);
#552=CIRCLE('',#1571,33.5);
#553=CIRCLE('',#1572,2.1);
#554=CIRCLE('',#1573,2.1);
#555=CIRCLE('',#1574,2.09999999999995);
#556=CIRCLE('',#1575,2.09999999999995);
#557=CIRCLE('',#1576,2.09999999999995);
#558=CIRCLE('',#1577,2.09999999999995);
#559=CIRCLE('',#1578,2.09999999999995);
#560=CIRCLE('',#1579,2.09999999999995);
#561=CIRCLE('',#1580,2.09999999999995);
#562=CIRCLE('',#1581,2.09999999999995);
#563=CIRCLE('',#1582,2.09999999999995);
#564=CIRCLE('',#1583,2.09999999999995);
#565=CIRCLE('',#1584,2.09999999999995);
#566=CIRCLE('',#1585,2.09999999999995);
#567=CIRCLE('',#1586,2.09999999999995);
#568=CIRCLE('',#1587,2.09999999999995);
#569=CIRCLE('',#1589,33.5);
#570=CIRCLE('',#1590,33.5);
#571=CIRCLE('',#1591,33.5);
#572=CIRCLE('',#1592,33.5);
#573=CIRCLE('',#1593,33.5);
#574=CIRCLE('',#1594,33.5);
#575=CIRCLE('',#1595,33.5);
#576=CIRCLE('',#1596,33.5);
#577=CIRCLE('',#1597,33.5);
#578=CIRCLE('',#1598,33.5);
#579=CIRCLE('',#1599,33.5);
#580=CIRCLE('',#1600,33.5);
#581=CIRCLE('',#1601,33.5);
#582=CIRCLE('',#1602,33.5);
#583=CIRCLE('',#1603,33.5);
#584=CIRCLE('',#1604,33.5);
#585=CIRCLE('',#1605,33.5);
#586=CIRCLE('',#1607,3.6);
#587=CIRCLE('',#1608,3.6);
#588=CIRCLE('',#1609,3.6);
#589=CIRCLE('',#1610,3.6);
#590=CIRCLE('',#1611,3.6);
#591=CIRCLE('',#1612,3.6);
#592=CIRCLE('',#1613,3.6);
#593=CIRCLE('',#1614,3.6);
#594=CIRCLE('',#1615,15.075);
#595=CIRCLE('',#1617,15.075);
#596=CIRCLE('',#1619,14.575);
#597=CIRCLE('',#1620,14.575);
#598=CIRCLE('',#1622,14.075);
#599=CIRCLE('',#1623,2.4);
#600=CIRCLE('',#1625,8.99999999999999);
#601=CIRCLE('',#1632,2.09999999999995);
#602=CIRCLE('',#1635,2.09999999999995);
#603=CIRCLE('',#1638,2.09999999999995);
#604=CIRCLE('',#1641,2.09999999999995);
#605=CIRCLE('',#1644,2.09999999999995);
#606=CIRCLE('',#1647,2.09999999999995);
#607=CIRCLE('',#1650,2.09999999999995);
#608=CIRCLE('',#1653,2.09999999999995);
#609=CIRCLE('',#1656,2.09999999999995);
#610=CIRCLE('',#1659,2.09999999999995);
#611=CIRCLE('',#1662,2.09999999999995);
#612=CIRCLE('',#1665,2.09999999999995);
#613=CIRCLE('',#1668,2.09999999999995);
#614=CIRCLE('',#1671,2.09999999999995);
#615=CIRCLE('',#1674,2.1);
#616=CIRCLE('',#1677,2.1);
#617=CIRCLE('',#1680,3.6);
#618=CIRCLE('',#1685,3.6);
#619=CIRCLE('',#1690,3.6);
#620=CIRCLE('',#1695,3.6);
#621=CIRCLE('',#1700,3.6);
#622=CIRCLE('',#1705,3.6);
#623=CIRCLE('',#1710,3.6);
#624=CIRCLE('',#1715,3.6);
#625=CIRCLE('',#1720,2.4);
#626=VERTEX_POINT('',#2187);
#627=VERTEX_POINT('',#2189);
#628=VERTEX_POINT('',#2193);
#629=VERTEX_POINT('',#2195);
#630=VERTEX_POINT('',#2198);
#631=VERTEX_POINT('',#2200);
#632=VERTEX_POINT('',#2204);
#633=VERTEX_POINT('',#2206);
#634=VERTEX_POINT('',#2207);
#635=VERTEX_POINT('',#2209);
#636=VERTEX_POINT('',#2211);
#637=VERTEX_POINT('',#2214);
#638=VERTEX_POINT('',#2215);
#639=VERTEX_POINT('',#2217);
#640=VERTEX_POINT('',#2219);
#641=VERTEX_POINT('',#2222);
#642=VERTEX_POINT('',#2223);
#643=VERTEX_POINT('',#2225);
#644=VERTEX_POINT('',#2227);
#645=VERTEX_POINT('',#2230);
#646=VERTEX_POINT('',#2231);
#647=VERTEX_POINT('',#2233);
#648=VERTEX_POINT('',#2235);
#649=VERTEX_POINT('',#2238);
#650=VERTEX_POINT('',#2239);
#651=VERTEX_POINT('',#2241);
#652=VERTEX_POINT('',#2243);
#653=VERTEX_POINT('',#2246);
#654=VERTEX_POINT('',#2247);
#655=VERTEX_POINT('',#2249);
#656=VERTEX_POINT('',#2251);
#657=VERTEX_POINT('',#2254);
#658=VERTEX_POINT('',#2255);
#659=VERTEX_POINT('',#2257);
#660=VERTEX_POINT('',#2259);
#661=VERTEX_POINT('',#2262);
#662=VERTEX_POINT('',#2263);
#663=VERTEX_POINT('',#2265);
#664=VERTEX_POINT('',#2267);
#665=VERTEX_POINT('',#2271);
#666=VERTEX_POINT('',#2273);
#667=VERTEX_POINT('',#2275);
#668=VERTEX_POINT('',#2277);
#669=VERTEX_POINT('',#2279);
#670=VERTEX_POINT('',#2281);
#671=VERTEX_POINT('',#2283);
#672=VERTEX_POINT('',#2285);
#673=VERTEX_POINT('',#2287);
#674=VERTEX_POINT('',#2289);
#675=VERTEX_POINT('',#2291);
#676=VERTEX_POINT('',#2293);
#677=VERTEX_POINT('',#2295);
#678=VERTEX_POINT('',#2297);
#679=VERTEX_POINT('',#2299);
#680=VERTEX_POINT('',#2301);
#681=VERTEX_POINT('',#2303);
#682=VERTEX_POINT('',#2305);
#683=VERTEX_POINT('',#2307);
#684=VERTEX_POINT('',#2309);
#685=VERTEX_POINT('',#2311);
#686=VERTEX_POINT('',#2313);
#687=VERTEX_POINT('',#2315);
#688=VERTEX_POINT('',#2317);
#689=VERTEX_POINT('',#2319);
#690=VERTEX_POINT('',#2321);
#691=VERTEX_POINT('',#2323);
#692=VERTEX_POINT('',#2325);
#693=VERTEX_POINT('',#2327);
#694=VERTEX_POINT('',#2329);
#695=VERTEX_POINT('',#2331);
#696=VERTEX_POINT('',#2333);
#697=VERTEX_POINT('',#2335);
#698=VERTEX_POINT('',#2339);
#699=VERTEX_POINT('',#2341);
#700=VERTEX_POINT('',#2344);
#701=VERTEX_POINT('',#2346);
#702=VERTEX_POINT('',#2349);
#703=VERTEX_POINT('',#2351);
#704=VERTEX_POINT('',#2354);
#705=VERTEX_POINT('',#2356);
#706=VERTEX_POINT('',#2359);
#707=VERTEX_POINT('',#2361);
#708=VERTEX_POINT('',#2364);
#709=VERTEX_POINT('',#2366);
#710=VERTEX_POINT('',#2369);
#711=VERTEX_POINT('',#2371);
#712=VERTEX_POINT('',#2374);
#713=VERTEX_POINT('',#2376);
#714=VERTEX_POINT('',#2379);
#715=VERTEX_POINT('',#2382);
#716=VERTEX_POINT('',#2386);
#717=VERTEX_POINT('',#2388);
#718=VERTEX_POINT('',#2392);
#719=VERTEX_POINT('',#2394);
#720=VERTEX_POINT('',#2397);
#721=VERTEX_POINT('',#2410);
#722=VERTEX_POINT('',#2412);
#723=VERTEX_POINT('',#2416);
#724=VERTEX_POINT('',#2420);
#725=VERTEX_POINT('',#2426);
#726=VERTEX_POINT('',#2428);
#727=VERTEX_POINT('',#2432);
#728=VERTEX_POINT('',#2436);
#729=VERTEX_POINT('',#2442);
#730=VERTEX_POINT('',#2444);
#731=VERTEX_POINT('',#2448);
#732=VERTEX_POINT('',#2452);
#733=VERTEX_POINT('',#2458);
#734=VERTEX_POINT('',#2460);
#735=VERTEX_POINT('',#2464);
#736=VERTEX_POINT('',#2468);
#737=VERTEX_POINT('',#2474);
#738=VERTEX_POINT('',#2476);
#739=VERTEX_POINT('',#2480);
#740=VERTEX_POINT('',#2484);
#741=VERTEX_POINT('',#2490);
#742=VERTEX_POINT('',#2492);
#743=VERTEX_POINT('',#2496);
#744=VERTEX_POINT('',#2500);
#745=VERTEX_POINT('',#2506);
#746=VERTEX_POINT('',#2508);
#747=VERTEX_POINT('',#2512);
#748=VERTEX_POINT('',#2516);
#749=VERTEX_POINT('',#2522);
#750=VERTEX_POINT('',#2524);
#751=VERTEX_POINT('',#2528);
#752=VERTEX_POINT('',#2532);
#753=VERTEX_POINT('',#2538);
#754=VERTEX_POINT('',#2540);
#755=VERTEX_POINT('',#2549);
#756=VERTEX_POINT('',#2551);
#757=VERTEX_POINT('',#2560);
#758=VERTEX_POINT('',#2562);
#759=VERTEX_POINT('',#2571);
#760=VERTEX_POINT('',#2573);
#761=VERTEX_POINT('',#2582);
#762=VERTEX_POINT('',#2584);
#763=VERTEX_POINT('',#2593);
#764=VERTEX_POINT('',#2595);
#765=VERTEX_POINT('',#2604);
#766=VERTEX_POINT('',#2606);
#767=VERTEX_POINT('',#2615);
#768=VERTEX_POINT('',#2617);
#769=VERTEX_POINT('',#2626);
#770=EDGE_CURVE('',#626,#626,#546,.F.);
#771=EDGE_CURVE('',#626,#627,#268,.T.);
#772=EDGE_CURVE('',#627,#627,#547,.T.);
#773=EDGE_CURVE('',#628,#628,#548,.T.);
#774=EDGE_CURVE('',#629,#629,#549,.F.);
#775=EDGE_CURVE('',#630,#630,#550,.F.);
#776=EDGE_CURVE('',#630,#631,#269,.T.);
#777=EDGE_CURVE('',#631,#631,#551,.T.);
#778=EDGE_CURVE('',#632,#632,#552,.T.);
#779=EDGE_CURVE('',#633,#634,#553,.T.);
#780=EDGE_CURVE('',#634,#635,#270,.T.);
#781=EDGE_CURVE('',#635,#636,#554,.T.);
#782=EDGE_CURVE('',#636,#633,#271,.T.);
#783=EDGE_CURVE('',#637,#638,#555,.T.);
#784=EDGE_CURVE('',#638,#639,#272,.T.);
#785=EDGE_CURVE('',#639,#640,#556,.T.);
#786=EDGE_CURVE('',#640,#637,#273,.T.);
#787=EDGE_CURVE('',#641,#642,#557,.T.);
#788=EDGE_CURVE('',#642,#643,#274,.T.);
#789=EDGE_CURVE('',#643,#644,#558,.T.);
#790=EDGE_CURVE('',#644,#641,#275,.T.);
#791=EDGE_CURVE('',#645,#646,#559,.T.);
#792=EDGE_CURVE('',#646,#647,#276,.T.);
#793=EDGE_CURVE('',#647,#648,#560,.T.);
#794=EDGE_CURVE('',#648,#645,#277,.T.);
#795=EDGE_CURVE('',#649,#650,#561,.T.);
#796=EDGE_CURVE('',#650,#651,#278,.T.);
#797=EDGE_CURVE('',#651,#652,#562,.T.);
#798=EDGE_CURVE('',#652,#649,#279,.T.);
#799=EDGE_CURVE('',#653,#654,#563,.T.);
#800=EDGE_CURVE('',#654,#655,#280,.T.);
#801=EDGE_CURVE('',#655,#656,#564,.T.);
#802=EDGE_CURVE('',#656,#653,#281,.T.);
#803=EDGE_CURVE('',#657,#658,#565,.T.);
#804=EDGE_CURVE('',#658,#659,#282,.T.);
#805=EDGE_CURVE('',#659,#660,#566,.T.);
#806=EDGE_CURVE('',#660,#657,#283,.T.);
#807=EDGE_CURVE('',#661,#662,#567,.T.);
#808=EDGE_CURVE('',#662,#663,#284,.T.);
#809=EDGE_CURVE('',#663,#664,#568,.T.);
#810=EDGE_CURVE('',#664,#661,#285,.T.);
#811=EDGE_CURVE('',#632,#665,#286,.T.);
#812=EDGE_CURVE('',#666,#665,#569,.T.);
#813=EDGE_CURVE('',#666,#667,#287,.T.);
#814=EDGE_CURVE('',#667,#668,#570,.T.);
#815=EDGE_CURVE('',#669,#668,#288,.T.);
#816=EDGE_CURVE('',#670,#669,#571,.T.);
#817=EDGE_CURVE('',#670,#671,#289,.T.);
#818=EDGE_CURVE('',#671,#672,#572,.T.);
#819=EDGE_CURVE('',#673,#672,#290,.T.);
#820=EDGE_CURVE('',#674,#673,#573,.T.);
#821=EDGE_CURVE('',#674,#675,#291,.T.);
#822=EDGE_CURVE('',#675,#676,#574,.T.);
#823=EDGE_CURVE('',#677,#676,#292,.T.);
#824=EDGE_CURVE('',#678,#677,#575,.T.);
#825=EDGE_CURVE('',#678,#679,#293,.T.);
#826=EDGE_CURVE('',#679,#680,#576,.T.);
#827=EDGE_CURVE('',#681,#680,#294,.T.);
#828=EDGE_CURVE('',#682,#681,#577,.T.);
#829=EDGE_CURVE('',#682,#683,#295,.T.);
#830=EDGE_CURVE('',#683,#684,#578,.T.);
#831=EDGE_CURVE('',#685,#684,#296,.T.);
#832=EDGE_CURVE('',#686,#685,#579,.T.);
#833=EDGE_CURVE('',#686,#687,#297,.T.);
#834=EDGE_CURVE('',#687,#688,#580,.T.);
#835=EDGE_CURVE('',#689,#688,#298,.T.);
#836=EDGE_CURVE('',#690,#689,#581,.T.);
#837=EDGE_CURVE('',#690,#691,#299,.T.);
#838=EDGE_CURVE('',#691,#692,#582,.T.);
#839=EDGE_CURVE('',#693,#692,#300,.T.);
#840=EDGE_CURVE('',#694,#693,#583,.T.);
#841=EDGE_CURVE('',#694,#695,#301,.T.);
#842=EDGE_CURVE('',#695,#696,#584,.T.);
#843=EDGE_CURVE('',#697,#696,#302,.T.);
#844=EDGE_CURVE('',#665,#697,#585,.T.);
#845=EDGE_CURVE('',#698,#675,#303,.T.);
#846=EDGE_CURVE('',#699,#698,#586,.T.);
#847=EDGE_CURVE('',#672,#699,#304,.T.);
#848=EDGE_CURVE('',#700,#671,#305,.T.);
#849=EDGE_CURVE('',#701,#700,#587,.T.);
#850=EDGE_CURVE('',#668,#701,#306,.T.);
#851=EDGE_CURVE('',#702,#667,#307,.T.);
#852=EDGE_CURVE('',#703,#702,#588,.T.);
#853=EDGE_CURVE('',#696,#703,#308,.T.);
#854=EDGE_CURVE('',#704,#695,#309,.T.);
#855=EDGE_CURVE('',#705,#704,#589,.T.);
#856=EDGE_CURVE('',#692,#705,#310,.T.);
#857=EDGE_CURVE('',#706,#691,#311,.T.);
#858=EDGE_CURVE('',#707,#706,#590,.T.);
#859=EDGE_CURVE('',#688,#707,#312,.T.);
#860=EDGE_CURVE('',#708,#687,#313,.T.);
#861=EDGE_CURVE('',#709,#708,#591,.T.);
#862=EDGE_CURVE('',#684,#709,#314,.T.);
#863=EDGE_CURVE('',#710,#683,#315,.T.);
#864=EDGE_CURVE('',#711,#710,#592,.T.);
#865=EDGE_CURVE('',#680,#711,#316,.T.);
#866=EDGE_CURVE('',#712,#679,#317,.T.);
#867=EDGE_CURVE('',#713,#712,#593,.T.);
#868=EDGE_CURVE('',#676,#713,#318,.T.);
#869=EDGE_CURVE('',#714,#714,#594,.T.);
#870=EDGE_CURVE('',#714,#715,#319,.T.);
#871=EDGE_CURVE('',#715,#715,#595,.F.);
#872=EDGE_CURVE('',#716,#716,#596,.T.);
#873=EDGE_CURVE('',#716,#717,#320,.T.);
#874=EDGE_CURVE('',#717,#717,#597,.F.);
#875=EDGE_CURVE('',#718,#718,#598,.T.);
#876=EDGE_CURVE('',#719,#719,#599,.T.);
#877=EDGE_CURVE('',#720,#720,#600,.T.);
#878=EDGE_CURVE('',#628,#630,#321,.T.);
#879=EDGE_CURVE('',#627,#629,#322,.T.);
#880=EDGE_CURVE('',#720,#626,#323,.T.);
#881=EDGE_CURVE('',#715,#716,#324,.T.);
#882=EDGE_CURVE('',#717,#718,#325,.T.);
#883=EDGE_CURVE('',#661,#721,#326,.T.);
#884=EDGE_CURVE('',#721,#722,#601,.F.);
#885=EDGE_CURVE('',#662,#722,#327,.T.);
#886=EDGE_CURVE('',#664,#723,#328,.T.);
#887=EDGE_CURVE('',#723,#721,#329,.T.);
#888=EDGE_CURVE('',#663,#724,#330,.T.);
#889=EDGE_CURVE('',#724,#723,#602,.F.);
#890=EDGE_CURVE('',#722,#724,#331,.T.);
#891=EDGE_CURVE('',#657,#725,#332,.T.);
#892=EDGE_CURVE('',#725,#726,#603,.F.);
#893=EDGE_CURVE('',#658,#726,#333,.T.);
#894=EDGE_CURVE('',#660,#727,#334,.T.);
#895=EDGE_CURVE('',#727,#725,#335,.T.);
#896=EDGE_CURVE('',#659,#728,#336,.T.);
#897=EDGE_CURVE('',#728,#727,#604,.F.);
#898=EDGE_CURVE('',#726,#728,#337,.T.);
#899=EDGE_CURVE('',#653,#729,#338,.T.);
#900=EDGE_CURVE('',#729,#730,#605,.F.);
#901=EDGE_CURVE('',#654,#730,#339,.T.);
#902=EDGE_CURVE('',#656,#731,#340,.T.);
#903=EDGE_CURVE('',#731,#729,#341,.T.);
#904=EDGE_CURVE('',#655,#732,#342,.T.);
#905=EDGE_CURVE('',#732,#731,#606,.F.);
#906=EDGE_CURVE('',#730,#732,#343,.T.);
#907=EDGE_CURVE('',#649,#733,#344,.T.);
#908=EDGE_CURVE('',#733,#734,#607,.F.);
#909=EDGE_CURVE('',#650,#734,#345,.T.);
#910=EDGE_CURVE('',#652,#735,#346,.T.);
#911=EDGE_CURVE('',#735,#733,#347,.T.);
#912=EDGE_CURVE('',#651,#736,#348,.T.);
#913=EDGE_CURVE('',#736,#735,#608,.F.);
#914=EDGE_CURVE('',#734,#736,#349,.T.);
#915=EDGE_CURVE('',#645,#737,#350,.T.);
#916=EDGE_CURVE('',#737,#738,#609,.F.);
#917=EDGE_CURVE('',#646,#738,#351,.T.);
#918=EDGE_CURVE('',#648,#739,#352,.T.);
#919=EDGE_CURVE('',#739,#737,#353,.T.);
#920=EDGE_CURVE('',#647,#740,#354,.T.);
#921=EDGE_CURVE('',#740,#739,#610,.F.);
#922=EDGE_CURVE('',#738,#740,#355,.T.);
#923=EDGE_CURVE('',#641,#741,#356,.T.);
#924=EDGE_CURVE('',#741,#742,#611,.F.);
#925=EDGE_CURVE('',#642,#742,#357,.T.);
#926=EDGE_CURVE('',#644,#743,#358,.T.);
#927=EDGE_CURVE('',#743,#741,#359,.T.);
#928=EDGE_CURVE('',#643,#744,#360,.T.);
#929=EDGE_CURVE('',#744,#743,#612,.F.);
#930=EDGE_CURVE('',#742,#744,#361,.T.);
#931=EDGE_CURVE('',#637,#745,#362,.T.);
#932=EDGE_CURVE('',#745,#746,#613,.F.);
#933=EDGE_CURVE('',#638,#746,#363,.T.);
#934=EDGE_CURVE('',#640,#747,#364,.T.);
#935=EDGE_CURVE('',#747,#745,#365,.T.);
#936=EDGE_CURVE('',#639,#748,#366,.T.);
#937=EDGE_CURVE('',#748,#747,#614,.F.);
#938=EDGE_CURVE('',#746,#748,#367,.T.);
#939=EDGE_CURVE('',#633,#749,#368,.T.);
#940=EDGE_CURVE('',#749,#750,#615,.F.);
#941=EDGE_CURVE('',#634,#750,#369,.T.);
#942=EDGE_CURVE('',#636,#751,#370,.T.);
#943=EDGE_CURVE('',#751,#749,#371,.T.);
#944=EDGE_CURVE('',#635,#752,#372,.T.);
#945=EDGE_CURVE('',#752,#751,#616,.F.);
#946=EDGE_CURVE('',#750,#752,#373,.T.);
#947=EDGE_CURVE('',#681,#753,#374,.T.);
#948=EDGE_CURVE('',#753,#754,#617,.T.);
#949=EDGE_CURVE('',#754,#682,#375,.T.);
#950=EDGE_CURVE('',#754,#710,#376,.T.);
#951=EDGE_CURVE('',#753,#711,#377,.T.);
#952=EDGE_CURVE('',#685,#755,#378,.T.);
#953=EDGE_CURVE('',#755,#756,#618,.T.);
#954=EDGE_CURVE('',#756,#686,#379,.T.);
#955=EDGE_CURVE('',#756,#708,#380,.T.);
#956=EDGE_CURVE('',#755,#709,#381,.T.);
#957=EDGE_CURVE('',#689,#757,#382,.T.);
#958=EDGE_CURVE('',#757,#758,#619,.T.);
#959=EDGE_CURVE('',#758,#690,#383,.T.);
#960=EDGE_CURVE('',#758,#706,#384,.T.);
#961=EDGE_CURVE('',#757,#707,#385,.T.);
#962=EDGE_CURVE('',#693,#759,#386,.T.);
#963=EDGE_CURVE('',#759,#760,#620,.T.);
#964=EDGE_CURVE('',#760,#694,#387,.T.);
#965=EDGE_CURVE('',#760,#704,#388,.T.);
#966=EDGE_CURVE('',#759,#705,#389,.T.);
#967=EDGE_CURVE('',#697,#761,#390,.T.);
#968=EDGE_CURVE('',#761,#762,#621,.T.);
#969=EDGE_CURVE('',#762,#666,#391,.T.);
#970=EDGE_CURVE('',#762,#702,#392,.T.);
#971=EDGE_CURVE('',#761,#703,#393,.T.);
#972=EDGE_CURVE('',#669,#763,#394,.T.);
#973=EDGE_CURVE('',#763,#764,#622,.T.);
#974=EDGE_CURVE('',#764,#670,#395,.T.);
#975=EDGE_CURVE('',#764,#700,#396,.T.);
#976=EDGE_CURVE('',#763,#701,#397,.T.);
#977=EDGE_CURVE('',#673,#765,#398,.T.);
#978=EDGE_CURVE('',#765,#766,#623,.T.);
#979=EDGE_CURVE('',#766,#674,#399,.T.);
#980=EDGE_CURVE('',#766,#698,#400,.T.);
#981=EDGE_CURVE('',#765,#699,#401,.T.);
#982=EDGE_CURVE('',#677,#767,#402,.T.);
#983=EDGE_CURVE('',#767,#768,#624,.T.);
#984=EDGE_CURVE('',#768,#678,#403,.T.);
#985=EDGE_CURVE('',#768,#712,#404,.T.);
#986=EDGE_CURVE('',#767,#713,#405,.T.);
#987=EDGE_CURVE('',#769,#769,#625,.T.);
#988=EDGE_CURVE('',#769,#719,#406,.T.);
#989=ORIENTED_EDGE('',*,*,#770,.T.);
#990=ORIENTED_EDGE('',*,*,#771,.T.);
#991=ORIENTED_EDGE('',*,*,#772,.T.);
#992=ORIENTED_EDGE('',*,*,#771,.F.);
#993=ORIENTED_EDGE('',*,*,#773,.T.);
#994=ORIENTED_EDGE('',*,*,#774,.T.);
#995=ORIENTED_EDGE('',*,*,#775,.T.);
#996=ORIENTED_EDGE('',*,*,#776,.T.);
#997=ORIENTED_EDGE('',*,*,#777,.T.);
#998=ORIENTED_EDGE('',*,*,#776,.F.);
#999=ORIENTED_EDGE('',*,*,#778,.T.);
#1000=ORIENTED_EDGE('',*,*,#777,.F.);
#1001=ORIENTED_EDGE('',*,*,#779,.T.);
#1002=ORIENTED_EDGE('',*,*,#780,.T.);
#1003=ORIENTED_EDGE('',*,*,#781,.T.);
#1004=ORIENTED_EDGE('',*,*,#782,.T.);
#1005=ORIENTED_EDGE('',*,*,#783,.T.);
#1006=ORIENTED_EDGE('',*,*,#784,.T.);
#1007=ORIENTED_EDGE('',*,*,#785,.T.);
#1008=ORIENTED_EDGE('',*,*,#786,.T.);
#1009=ORIENTED_EDGE('',*,*,#787,.T.);
#1010=ORIENTED_EDGE('',*,*,#788,.T.);
#1011=ORIENTED_EDGE('',*,*,#789,.T.);
#1012=ORIENTED_EDGE('',*,*,#790,.T.);
#1013=ORIENTED_EDGE('',*,*,#791,.T.);
#1014=ORIENTED_EDGE('',*,*,#792,.T.);
#1015=ORIENTED_EDGE('',*,*,#793,.T.);
#1016=ORIENTED_EDGE('',*,*,#794,.T.);
#1017=ORIENTED_EDGE('',*,*,#795,.T.);
#1018=ORIENTED_EDGE('',*,*,#796,.T.);
#1019=ORIENTED_EDGE('',*,*,#797,.T.);
#1020=ORIENTED_EDGE('',*,*,#798,.T.);
#1021=ORIENTED_EDGE('',*,*,#799,.T.);
#1022=ORIENTED_EDGE('',*,*,#800,.T.);
#1023=ORIENTED_EDGE('',*,*,#801,.T.);
#1024=ORIENTED_EDGE('',*,*,#802,.T.);
#1025=ORIENTED_EDGE('',*,*,#803,.T.);
#1026=ORIENTED_EDGE('',*,*,#804,.T.);
#1027=ORIENTED_EDGE('',*,*,#805,.T.);
#1028=ORIENTED_EDGE('',*,*,#806,.T.);
#1029=ORIENTED_EDGE('',*,*,#807,.T.);
#1030=ORIENTED_EDGE('',*,*,#808,.T.);
#1031=ORIENTED_EDGE('',*,*,#809,.T.);
#1032=ORIENTED_EDGE('',*,*,#810,.T.);
#1033=ORIENTED_EDGE('',*,*,#778,.F.);
#1034=ORIENTED_EDGE('',*,*,#811,.T.);
#1035=ORIENTED_EDGE('',*,*,#812,.F.);
#1036=ORIENTED_EDGE('',*,*,#813,.T.);
#1037=ORIENTED_EDGE('',*,*,#814,.T.);
#1038=ORIENTED_EDGE('',*,*,#815,.F.);
#1039=ORIENTED_EDGE('',*,*,#816,.F.);
#1040=ORIENTED_EDGE('',*,*,#817,.T.);
#1041=ORIENTED_EDGE('',*,*,#818,.T.);
#1042=ORIENTED_EDGE('',*,*,#819,.F.);
#1043=ORIENTED_EDGE('',*,*,#820,.F.);
#1044=ORIENTED_EDGE('',*,*,#821,.T.);
#1045=ORIENTED_EDGE('',*,*,#822,.T.);
#1046=ORIENTED_EDGE('',*,*,#823,.F.);
#1047=ORIENTED_EDGE('',*,*,#824,.F.);
#1048=ORIENTED_EDGE('',*,*,#825,.T.);
#1049=ORIENTED_EDGE('',*,*,#826,.T.);
#1050=ORIENTED_EDGE('',*,*,#827,.F.);
#1051=ORIENTED_EDGE('',*,*,#828,.F.);
#1052=ORIENTED_EDGE('',*,*,#829,.T.);
#1053=ORIENTED_EDGE('',*,*,#830,.T.);
#1054=ORIENTED_EDGE('',*,*,#831,.F.);
#1055=ORIENTED_EDGE('',*,*,#832,.F.);
#1056=ORIENTED_EDGE('',*,*,#833,.T.);
#1057=ORIENTED_EDGE('',*,*,#834,.T.);
#1058=ORIENTED_EDGE('',*,*,#835,.F.);
#1059=ORIENTED_EDGE('',*,*,#836,.F.);
#1060=ORIENTED_EDGE('',*,*,#837,.T.);
#1061=ORIENTED_EDGE('',*,*,#838,.T.);
#1062=ORIENTED_EDGE('',*,*,#839,.F.);
#1063=ORIENTED_EDGE('',*,*,#840,.F.);
#1064=ORIENTED_EDGE('',*,*,#841,.T.);
#1065=ORIENTED_EDGE('',*,*,#842,.T.);
#1066=ORIENTED_EDGE('',*,*,#843,.F.);
#1067=ORIENTED_EDGE('',*,*,#844,.F.);
#1068=ORIENTED_EDGE('',*,*,#811,.F.);
#1069=ORIENTED_EDGE('',*,*,#845,.F.);
#1070=ORIENTED_EDGE('',*,*,#846,.F.);
#1071=ORIENTED_EDGE('',*,*,#847,.F.);
#1072=ORIENTED_EDGE('',*,*,#818,.F.);
#1073=ORIENTED_EDGE('',*,*,#848,.F.);
#1074=ORIENTED_EDGE('',*,*,#849,.F.);
#1075=ORIENTED_EDGE('',*,*,#850,.F.);
#1076=ORIENTED_EDGE('',*,*,#814,.F.);
#1077=ORIENTED_EDGE('',*,*,#851,.F.);
#1078=ORIENTED_EDGE('',*,*,#852,.F.);
#1079=ORIENTED_EDGE('',*,*,#853,.F.);
#1080=ORIENTED_EDGE('',*,*,#842,.F.);
#1081=ORIENTED_EDGE('',*,*,#854,.F.);
#1082=ORIENTED_EDGE('',*,*,#855,.F.);
#1083=ORIENTED_EDGE('',*,*,#856,.F.);
#1084=ORIENTED_EDGE('',*,*,#838,.F.);
#1085=ORIENTED_EDGE('',*,*,#857,.F.);
#1086=ORIENTED_EDGE('',*,*,#858,.F.);
#1087=ORIENTED_EDGE('',*,*,#859,.F.);
#1088=ORIENTED_EDGE('',*,*,#834,.F.);
#1089=ORIENTED_EDGE('',*,*,#860,.F.);
#1090=ORIENTED_EDGE('',*,*,#861,.F.);
#1091=ORIENTED_EDGE('',*,*,#862,.F.);
#1092=ORIENTED_EDGE('',*,*,#830,.F.);
#1093=ORIENTED_EDGE('',*,*,#863,.F.);
#1094=ORIENTED_EDGE('',*,*,#864,.F.);
#1095=ORIENTED_EDGE('',*,*,#865,.F.);
#1096=ORIENTED_EDGE('',*,*,#826,.F.);
#1097=ORIENTED_EDGE('',*,*,#866,.F.);
#1098=ORIENTED_EDGE('',*,*,#867,.F.);
#1099=ORIENTED_EDGE('',*,*,#868,.F.);
#1100=ORIENTED_EDGE('',*,*,#822,.F.);
#1101=ORIENTED_EDGE('',*,*,#869,.T.);
#1102=ORIENTED_EDGE('',*,*,#869,.F.);
#1103=ORIENTED_EDGE('',*,*,#870,.T.);
#1104=ORIENTED_EDGE('',*,*,#871,.T.);
#1105=ORIENTED_EDGE('',*,*,#870,.F.);
#1106=ORIENTED_EDGE('',*,*,#872,.F.);
#1107=ORIENTED_EDGE('',*,*,#873,.T.);
#1108=ORIENTED_EDGE('',*,*,#874,.T.);
#1109=ORIENTED_EDGE('',*,*,#873,.F.);
#1110=ORIENTED_EDGE('',*,*,#875,.T.);
#1111=ORIENTED_EDGE('',*,*,#876,.F.);
#1112=ORIENTED_EDGE('',*,*,#877,.T.);
#1113=ORIENTED_EDGE('',*,*,#773,.F.);
#1114=ORIENTED_EDGE('',*,*,#878,.T.);
#1115=ORIENTED_EDGE('',*,*,#775,.F.);
#1116=ORIENTED_EDGE('',*,*,#878,.F.);
#1117=ORIENTED_EDGE('',*,*,#772,.F.);
#1118=ORIENTED_EDGE('',*,*,#879,.T.);
#1119=ORIENTED_EDGE('',*,*,#774,.F.);
#1120=ORIENTED_EDGE('',*,*,#879,.F.);
#1121=ORIENTED_EDGE('',*,*,#877,.F.);
#1122=ORIENTED_EDGE('',*,*,#880,.T.);
#1123=ORIENTED_EDGE('',*,*,#770,.F.);
#1124=ORIENTED_EDGE('',*,*,#880,.F.);
#1125=ORIENTED_EDGE('',*,*,#871,.F.);
#1126=ORIENTED_EDGE('',*,*,#881,.T.);
#1127=ORIENTED_EDGE('',*,*,#872,.T.);
#1128=ORIENTED_EDGE('',*,*,#881,.F.);
#1129=ORIENTED_EDGE('',*,*,#874,.F.);
#1130=ORIENTED_EDGE('',*,*,#882,.T.);
#1131=ORIENTED_EDGE('',*,*,#875,.F.);
#1132=ORIENTED_EDGE('',*,*,#882,.F.);
#1133=ORIENTED_EDGE('',*,*,#883,.T.);
#1134=ORIENTED_EDGE('',*,*,#884,.T.);
#1135=ORIENTED_EDGE('',*,*,#885,.F.);
#1136=ORIENTED_EDGE('',*,*,#807,.F.);
#1137=ORIENTED_EDGE('',*,*,#886,.T.);
#1138=ORIENTED_EDGE('',*,*,#887,.T.);
#1139=ORIENTED_EDGE('',*,*,#883,.F.);
#1140=ORIENTED_EDGE('',*,*,#810,.F.);
#1141=ORIENTED_EDGE('',*,*,#888,.T.);
#1142=ORIENTED_EDGE('',*,*,#889,.T.);
#1143=ORIENTED_EDGE('',*,*,#886,.F.);
#1144=ORIENTED_EDGE('',*,*,#809,.F.);
#1145=ORIENTED_EDGE('',*,*,#885,.T.);
#1146=ORIENTED_EDGE('',*,*,#890,.T.);
#1147=ORIENTED_EDGE('',*,*,#888,.F.);
#1148=ORIENTED_EDGE('',*,*,#808,.F.);
#1149=ORIENTED_EDGE('',*,*,#891,.T.);
#1150=ORIENTED_EDGE('',*,*,#892,.T.);
#1151=ORIENTED_EDGE('',*,*,#893,.F.);
#1152=ORIENTED_EDGE('',*,*,#803,.F.);
#1153=ORIENTED_EDGE('',*,*,#894,.T.);
#1154=ORIENTED_EDGE('',*,*,#895,.T.);
#1155=ORIENTED_EDGE('',*,*,#891,.F.);
#1156=ORIENTED_EDGE('',*,*,#806,.F.);
#1157=ORIENTED_EDGE('',*,*,#896,.T.);
#1158=ORIENTED_EDGE('',*,*,#897,.T.);
#1159=ORIENTED_EDGE('',*,*,#894,.F.);
#1160=ORIENTED_EDGE('',*,*,#805,.F.);
#1161=ORIENTED_EDGE('',*,*,#893,.T.);
#1162=ORIENTED_EDGE('',*,*,#898,.T.);
#1163=ORIENTED_EDGE('',*,*,#896,.F.);
#1164=ORIENTED_EDGE('',*,*,#804,.F.);
#1165=ORIENTED_EDGE('',*,*,#899,.T.);
#1166=ORIENTED_EDGE('',*,*,#900,.T.);
#1167=ORIENTED_EDGE('',*,*,#901,.F.);
#1168=ORIENTED_EDGE('',*,*,#799,.F.);
#1169=ORIENTED_EDGE('',*,*,#902,.T.);
#1170=ORIENTED_EDGE('',*,*,#903,.T.);
#1171=ORIENTED_EDGE('',*,*,#899,.F.);
#1172=ORIENTED_EDGE('',*,*,#802,.F.);
#1173=ORIENTED_EDGE('',*,*,#904,.T.);
#1174=ORIENTED_EDGE('',*,*,#905,.T.);
#1175=ORIENTED_EDGE('',*,*,#902,.F.);
#1176=ORIENTED_EDGE('',*,*,#801,.F.);
#1177=ORIENTED_EDGE('',*,*,#901,.T.);
#1178=ORIENTED_EDGE('',*,*,#906,.T.);
#1179=ORIENTED_EDGE('',*,*,#904,.F.);
#1180=ORIENTED_EDGE('',*,*,#800,.F.);
#1181=ORIENTED_EDGE('',*,*,#907,.T.);
#1182=ORIENTED_EDGE('',*,*,#908,.T.);
#1183=ORIENTED_EDGE('',*,*,#909,.F.);
#1184=ORIENTED_EDGE('',*,*,#795,.F.);
#1185=ORIENTED_EDGE('',*,*,#910,.T.);
#1186=ORIENTED_EDGE('',*,*,#911,.T.);
#1187=ORIENTED_EDGE('',*,*,#907,.F.);
#1188=ORIENTED_EDGE('',*,*,#798,.F.);
#1189=ORIENTED_EDGE('',*,*,#912,.T.);
#1190=ORIENTED_EDGE('',*,*,#913,.T.);
#1191=ORIENTED_EDGE('',*,*,#910,.F.);
#1192=ORIENTED_EDGE('',*,*,#797,.F.);
#1193=ORIENTED_EDGE('',*,*,#909,.T.);
#1194=ORIENTED_EDGE('',*,*,#914,.T.);
#1195=ORIENTED_EDGE('',*,*,#912,.F.);
#1196=ORIENTED_EDGE('',*,*,#796,.F.);
#1197=ORIENTED_EDGE('',*,*,#915,.T.);
#1198=ORIENTED_EDGE('',*,*,#916,.T.);
#1199=ORIENTED_EDGE('',*,*,#917,.F.);
#1200=ORIENTED_EDGE('',*,*,#791,.F.);
#1201=ORIENTED_EDGE('',*,*,#918,.T.);
#1202=ORIENTED_EDGE('',*,*,#919,.T.);
#1203=ORIENTED_EDGE('',*,*,#915,.F.);
#1204=ORIENTED_EDGE('',*,*,#794,.F.);
#1205=ORIENTED_EDGE('',*,*,#920,.T.);
#1206=ORIENTED_EDGE('',*,*,#921,.T.);
#1207=ORIENTED_EDGE('',*,*,#918,.F.);
#1208=ORIENTED_EDGE('',*,*,#793,.F.);
#1209=ORIENTED_EDGE('',*,*,#917,.T.);
#1210=ORIENTED_EDGE('',*,*,#922,.T.);
#1211=ORIENTED_EDGE('',*,*,#920,.F.);
#1212=ORIENTED_EDGE('',*,*,#792,.F.);
#1213=ORIENTED_EDGE('',*,*,#923,.T.);
#1214=ORIENTED_EDGE('',*,*,#924,.T.);
#1215=ORIENTED_EDGE('',*,*,#925,.F.);
#1216=ORIENTED_EDGE('',*,*,#787,.F.);
#1217=ORIENTED_EDGE('',*,*,#926,.T.);
#1218=ORIENTED_EDGE('',*,*,#927,.T.);
#1219=ORIENTED_EDGE('',*,*,#923,.F.);
#1220=ORIENTED_EDGE('',*,*,#790,.F.);
#1221=ORIENTED_EDGE('',*,*,#928,.T.);
#1222=ORIENTED_EDGE('',*,*,#929,.T.);
#1223=ORIENTED_EDGE('',*,*,#926,.F.);
#1224=ORIENTED_EDGE('',*,*,#789,.F.);
#1225=ORIENTED_EDGE('',*,*,#925,.T.);
#1226=ORIENTED_EDGE('',*,*,#930,.T.);
#1227=ORIENTED_EDGE('',*,*,#928,.F.);
#1228=ORIENTED_EDGE('',*,*,#788,.F.);
#1229=ORIENTED_EDGE('',*,*,#931,.T.);
#1230=ORIENTED_EDGE('',*,*,#932,.T.);
#1231=ORIENTED_EDGE('',*,*,#933,.F.);
#1232=ORIENTED_EDGE('',*,*,#783,.F.);
#1233=ORIENTED_EDGE('',*,*,#934,.T.);
#1234=ORIENTED_EDGE('',*,*,#935,.T.);
#1235=ORIENTED_EDGE('',*,*,#931,.F.);
#1236=ORIENTED_EDGE('',*,*,#786,.F.);
#1237=ORIENTED_EDGE('',*,*,#936,.T.);
#1238=ORIENTED_EDGE('',*,*,#937,.T.);
#1239=ORIENTED_EDGE('',*,*,#934,.F.);
#1240=ORIENTED_EDGE('',*,*,#785,.F.);
#1241=ORIENTED_EDGE('',*,*,#933,.T.);
#1242=ORIENTED_EDGE('',*,*,#938,.T.);
#1243=ORIENTED_EDGE('',*,*,#936,.F.);
#1244=ORIENTED_EDGE('',*,*,#784,.F.);
#1245=ORIENTED_EDGE('',*,*,#939,.T.);
#1246=ORIENTED_EDGE('',*,*,#940,.T.);
#1247=ORIENTED_EDGE('',*,*,#941,.F.);
#1248=ORIENTED_EDGE('',*,*,#779,.F.);
#1249=ORIENTED_EDGE('',*,*,#942,.T.);
#1250=ORIENTED_EDGE('',*,*,#943,.T.);
#1251=ORIENTED_EDGE('',*,*,#939,.F.);
#1252=ORIENTED_EDGE('',*,*,#782,.F.);
#1253=ORIENTED_EDGE('',*,*,#944,.T.);
#1254=ORIENTED_EDGE('',*,*,#945,.T.);
#1255=ORIENTED_EDGE('',*,*,#942,.F.);
#1256=ORIENTED_EDGE('',*,*,#781,.F.);
#1257=ORIENTED_EDGE('',*,*,#941,.T.);
#1258=ORIENTED_EDGE('',*,*,#946,.T.);
#1259=ORIENTED_EDGE('',*,*,#944,.F.);
#1260=ORIENTED_EDGE('',*,*,#780,.F.);
#1261=ORIENTED_EDGE('',*,*,#828,.T.);
#1262=ORIENTED_EDGE('',*,*,#947,.T.);
#1263=ORIENTED_EDGE('',*,*,#948,.T.);
#1264=ORIENTED_EDGE('',*,*,#949,.T.);
#1265=ORIENTED_EDGE('',*,*,#943,.F.);
#1266=ORIENTED_EDGE('',*,*,#945,.F.);
#1267=ORIENTED_EDGE('',*,*,#946,.F.);
#1268=ORIENTED_EDGE('',*,*,#940,.F.);
#1269=ORIENTED_EDGE('',*,*,#863,.T.);
#1270=ORIENTED_EDGE('',*,*,#829,.F.);
#1271=ORIENTED_EDGE('',*,*,#949,.F.);
#1272=ORIENTED_EDGE('',*,*,#950,.T.);
#1273=ORIENTED_EDGE('',*,*,#864,.T.);
#1274=ORIENTED_EDGE('',*,*,#950,.F.);
#1275=ORIENTED_EDGE('',*,*,#948,.F.);
#1276=ORIENTED_EDGE('',*,*,#951,.T.);
#1277=ORIENTED_EDGE('',*,*,#865,.T.);
#1278=ORIENTED_EDGE('',*,*,#951,.F.);
#1279=ORIENTED_EDGE('',*,*,#947,.F.);
#1280=ORIENTED_EDGE('',*,*,#827,.T.);
#1281=ORIENTED_EDGE('',*,*,#832,.T.);
#1282=ORIENTED_EDGE('',*,*,#952,.T.);
#1283=ORIENTED_EDGE('',*,*,#953,.T.);
#1284=ORIENTED_EDGE('',*,*,#954,.T.);
#1285=ORIENTED_EDGE('',*,*,#935,.F.);
#1286=ORIENTED_EDGE('',*,*,#937,.F.);
#1287=ORIENTED_EDGE('',*,*,#938,.F.);
#1288=ORIENTED_EDGE('',*,*,#932,.F.);
#1289=ORIENTED_EDGE('',*,*,#860,.T.);
#1290=ORIENTED_EDGE('',*,*,#833,.F.);
#1291=ORIENTED_EDGE('',*,*,#954,.F.);
#1292=ORIENTED_EDGE('',*,*,#955,.T.);
#1293=ORIENTED_EDGE('',*,*,#861,.T.);
#1294=ORIENTED_EDGE('',*,*,#955,.F.);
#1295=ORIENTED_EDGE('',*,*,#953,.F.);
#1296=ORIENTED_EDGE('',*,*,#956,.T.);
#1297=ORIENTED_EDGE('',*,*,#862,.T.);
#1298=ORIENTED_EDGE('',*,*,#956,.F.);
#1299=ORIENTED_EDGE('',*,*,#952,.F.);
#1300=ORIENTED_EDGE('',*,*,#831,.T.);
#1301=ORIENTED_EDGE('',*,*,#836,.T.);
#1302=ORIENTED_EDGE('',*,*,#957,.T.);
#1303=ORIENTED_EDGE('',*,*,#958,.T.);
#1304=ORIENTED_EDGE('',*,*,#959,.T.);
#1305=ORIENTED_EDGE('',*,*,#927,.F.);
#1306=ORIENTED_EDGE('',*,*,#929,.F.);
#1307=ORIENTED_EDGE('',*,*,#930,.F.);
#1308=ORIENTED_EDGE('',*,*,#924,.F.);
#1309=ORIENTED_EDGE('',*,*,#857,.T.);
#1310=ORIENTED_EDGE('',*,*,#837,.F.);
#1311=ORIENTED_EDGE('',*,*,#959,.F.);
#1312=ORIENTED_EDGE('',*,*,#960,.T.);
#1313=ORIENTED_EDGE('',*,*,#858,.T.);
#1314=ORIENTED_EDGE('',*,*,#960,.F.);
#1315=ORIENTED_EDGE('',*,*,#958,.F.);
#1316=ORIENTED_EDGE('',*,*,#961,.T.);
#1317=ORIENTED_EDGE('',*,*,#859,.T.);
#1318=ORIENTED_EDGE('',*,*,#961,.F.);
#1319=ORIENTED_EDGE('',*,*,#957,.F.);
#1320=ORIENTED_EDGE('',*,*,#835,.T.);
#1321=ORIENTED_EDGE('',*,*,#840,.T.);
#1322=ORIENTED_EDGE('',*,*,#962,.T.);
#1323=ORIENTED_EDGE('',*,*,#963,.T.);
#1324=ORIENTED_EDGE('',*,*,#964,.T.);
#1325=ORIENTED_EDGE('',*,*,#919,.F.);
#1326=ORIENTED_EDGE('',*,*,#921,.F.);
#1327=ORIENTED_EDGE('',*,*,#922,.F.);
#1328=ORIENTED_EDGE('',*,*,#916,.F.);
#1329=ORIENTED_EDGE('',*,*,#854,.T.);
#1330=ORIENTED_EDGE('',*,*,#841,.F.);
#1331=ORIENTED_EDGE('',*,*,#964,.F.);
#1332=ORIENTED_EDGE('',*,*,#965,.T.);
#1333=ORIENTED_EDGE('',*,*,#855,.T.);
#1334=ORIENTED_EDGE('',*,*,#965,.F.);
#1335=ORIENTED_EDGE('',*,*,#963,.F.);
#1336=ORIENTED_EDGE('',*,*,#966,.T.);
#1337=ORIENTED_EDGE('',*,*,#856,.T.);
#1338=ORIENTED_EDGE('',*,*,#966,.F.);
#1339=ORIENTED_EDGE('',*,*,#962,.F.);
#1340=ORIENTED_EDGE('',*,*,#839,.T.);
#1341=ORIENTED_EDGE('',*,*,#812,.T.);
#1342=ORIENTED_EDGE('',*,*,#844,.T.);
#1343=ORIENTED_EDGE('',*,*,#967,.T.);
#1344=ORIENTED_EDGE('',*,*,#968,.T.);
#1345=ORIENTED_EDGE('',*,*,#969,.T.);
#1346=ORIENTED_EDGE('',*,*,#911,.F.);
#1347=ORIENTED_EDGE('',*,*,#913,.F.);
#1348=ORIENTED_EDGE('',*,*,#914,.F.);
#1349=ORIENTED_EDGE('',*,*,#908,.F.);
#1350=ORIENTED_EDGE('',*,*,#851,.T.);
#1351=ORIENTED_EDGE('',*,*,#813,.F.);
#1352=ORIENTED_EDGE('',*,*,#969,.F.);
#1353=ORIENTED_EDGE('',*,*,#970,.T.);
#1354=ORIENTED_EDGE('',*,*,#852,.T.);
#1355=ORIENTED_EDGE('',*,*,#970,.F.);
#1356=ORIENTED_EDGE('',*,*,#968,.F.);
#1357=ORIENTED_EDGE('',*,*,#971,.T.);
#1358=ORIENTED_EDGE('',*,*,#853,.T.);
#1359=ORIENTED_EDGE('',*,*,#971,.F.);
#1360=ORIENTED_EDGE('',*,*,#967,.F.);
#1361=ORIENTED_EDGE('',*,*,#843,.T.);
#1362=ORIENTED_EDGE('',*,*,#816,.T.);
#1363=ORIENTED_EDGE('',*,*,#972,.T.);
#1364=ORIENTED_EDGE('',*,*,#973,.T.);
#1365=ORIENTED_EDGE('',*,*,#974,.T.);
#1366=ORIENTED_EDGE('',*,*,#903,.F.);
#1367=ORIENTED_EDGE('',*,*,#905,.F.);
#1368=ORIENTED_EDGE('',*,*,#906,.F.);
#1369=ORIENTED_EDGE('',*,*,#900,.F.);
#1370=ORIENTED_EDGE('',*,*,#848,.T.);
#1371=ORIENTED_EDGE('',*,*,#817,.F.);
#1372=ORIENTED_EDGE('',*,*,#974,.F.);
#1373=ORIENTED_EDGE('',*,*,#975,.T.);
#1374=ORIENTED_EDGE('',*,*,#849,.T.);
#1375=ORIENTED_EDGE('',*,*,#975,.F.);
#1376=ORIENTED_EDGE('',*,*,#973,.F.);
#1377=ORIENTED_EDGE('',*,*,#976,.T.);
#1378=ORIENTED_EDGE('',*,*,#850,.T.);
#1379=ORIENTED_EDGE('',*,*,#976,.F.);
#1380=ORIENTED_EDGE('',*,*,#972,.F.);
#1381=ORIENTED_EDGE('',*,*,#815,.T.);
#1382=ORIENTED_EDGE('',*,*,#820,.T.);
#1383=ORIENTED_EDGE('',*,*,#977,.T.);
#1384=ORIENTED_EDGE('',*,*,#978,.T.);
#1385=ORIENTED_EDGE('',*,*,#979,.T.);
#1386=ORIENTED_EDGE('',*,*,#895,.F.);
#1387=ORIENTED_EDGE('',*,*,#897,.F.);
#1388=ORIENTED_EDGE('',*,*,#898,.F.);
#1389=ORIENTED_EDGE('',*,*,#892,.F.);
#1390=ORIENTED_EDGE('',*,*,#845,.T.);
#1391=ORIENTED_EDGE('',*,*,#821,.F.);
#1392=ORIENTED_EDGE('',*,*,#979,.F.);
#1393=ORIENTED_EDGE('',*,*,#980,.T.);
#1394=ORIENTED_EDGE('',*,*,#846,.T.);
#1395=ORIENTED_EDGE('',*,*,#980,.F.);
#1396=ORIENTED_EDGE('',*,*,#978,.F.);
#1397=ORIENTED_EDGE('',*,*,#981,.T.);
#1398=ORIENTED_EDGE('',*,*,#847,.T.);
#1399=ORIENTED_EDGE('',*,*,#981,.F.);
#1400=ORIENTED_EDGE('',*,*,#977,.F.);
#1401=ORIENTED_EDGE('',*,*,#819,.T.);
#1402=ORIENTED_EDGE('',*,*,#824,.T.);
#1403=ORIENTED_EDGE('',*,*,#982,.T.);
#1404=ORIENTED_EDGE('',*,*,#983,.T.);
#1405=ORIENTED_EDGE('',*,*,#984,.T.);
#1406=ORIENTED_EDGE('',*,*,#887,.F.);
#1407=ORIENTED_EDGE('',*,*,#889,.F.);
#1408=ORIENTED_EDGE('',*,*,#890,.F.);
#1409=ORIENTED_EDGE('',*,*,#884,.F.);
#1410=ORIENTED_EDGE('',*,*,#866,.T.);
#1411=ORIENTED_EDGE('',*,*,#825,.F.);
#1412=ORIENTED_EDGE('',*,*,#984,.F.);
#1413=ORIENTED_EDGE('',*,*,#985,.T.);
#1414=ORIENTED_EDGE('',*,*,#867,.T.);
#1415=ORIENTED_EDGE('',*,*,#985,.F.);
#1416=ORIENTED_EDGE('',*,*,#983,.F.);
#1417=ORIENTED_EDGE('',*,*,#986,.T.);
#1418=ORIENTED_EDGE('',*,*,#868,.T.);
#1419=ORIENTED_EDGE('',*,*,#986,.F.);
#1420=ORIENTED_EDGE('',*,*,#982,.F.);
#1421=ORIENTED_EDGE('',*,*,#823,.T.);
#1422=ORIENTED_EDGE('',*,*,#987,.F.);
#1423=ORIENTED_EDGE('',*,*,#988,.T.);
#1424=ORIENTED_EDGE('',*,*,#876,.T.);
#1425=ORIENTED_EDGE('',*,*,#988,.F.);
#1426=ORIENTED_EDGE('',*,*,#987,.T.);
#1427=CYLINDRICAL_SURFACE('',#1561,11.);
#1428=CYLINDRICAL_SURFACE('',#1567,22.6);
#1429=CYLINDRICAL_SURFACE('',#1588,33.5);
#1430=CYLINDRICAL_SURFACE('',#1616,15.075);
#1431=CYLINDRICAL_SURFACE('',#1618,14.575);
#1432=CYLINDRICAL_SURFACE('',#1631,2.09999999999995);
#1433=CYLINDRICAL_SURFACE('',#1634,2.09999999999995);
#1434=CYLINDRICAL_SURFACE('',#1637,2.09999999999995);
#1435=CYLINDRICAL_SURFACE('',#1640,2.09999999999995);
#1436=CYLINDRICAL_SURFACE('',#1643,2.09999999999995);
#1437=CYLINDRICAL_SURFACE('',#1646,2.09999999999995);
#1438=CYLINDRICAL_SURFACE('',#1649,2.09999999999995);
#1439=CYLINDRICAL_SURFACE('',#1652,2.09999999999995);
#1440=CYLINDRICAL_SURFACE('',#1655,2.09999999999995);
#1441=CYLINDRICAL_SURFACE('',#1658,2.09999999999995);
#1442=CYLINDRICAL_SURFACE('',#1661,2.09999999999995);
#1443=CYLINDRICAL_SURFACE('',#1664,2.09999999999995);
#1444=CYLINDRICAL_SURFACE('',#1667,2.09999999999995);
#1445=CYLINDRICAL_SURFACE('',#1670,2.09999999999995);
#1446=CYLINDRICAL_SURFACE('',#1673,2.1);
#1447=CYLINDRICAL_SURFACE('',#1676,2.1);
#1448=CYLINDRICAL_SURFACE('',#1682,3.6);
#1449=CYLINDRICAL_SURFACE('',#1687,3.6);
#1450=CYLINDRICAL_SURFACE('',#1692,3.6);
#1451=CYLINDRICAL_SURFACE('',#1697,3.6);
#1452=CYLINDRICAL_SURFACE('',#1702,3.6);
#1453=CYLINDRICAL_SURFACE('',#1707,3.6);
#1454=CYLINDRICAL_SURFACE('',#1712,3.6);
#1455=CYLINDRICAL_SURFACE('',#1717,3.6);
#1456=CYLINDRICAL_SURFACE('',#1719,2.4);
#1457=ADVANCED_FACE('',(#86),#1427,.F.);
#1458=ADVANCED_FACE('',(#87,#20),#40,.T.);
#1459=ADVANCED_FACE('',(#88),#1428,.F.);
#1460=ADVANCED_FACE('',(#89,#21,#22,#23,#24,#25,#26,#27,#28,#29),#41,.T.);
#1461=ADVANCED_FACE('',(#90),#1429,.T.);
#1462=ADVANCED_FACE('',(#91,#30),#42,.T.);
#1463=ADVANCED_FACE('',(#92),#1430,.T.);
#1464=ADVANCED_FACE('',(#93),#1431,.T.);
#1465=ADVANCED_FACE('',(#94,#31),#43,.T.);
#1466=ADVANCED_FACE('',(#95),#44,.T.);
#1467=ADVANCED_FACE('',(#96),#15,.F.);
#1468=ADVANCED_FACE('',(#97),#16,.F.);
#1469=ADVANCED_FACE('',(#98),#17,.F.);
#1470=ADVANCED_FACE('',(#99),#18,.T.);
#1471=ADVANCED_FACE('',(#100),#19,.T.);
#1472=ADVANCED_FACE('',(#101),#1432,.F.);
#1473=ADVANCED_FACE('',(#102),#45,.F.);
#1474=ADVANCED_FACE('',(#103),#1433,.F.);
#1475=ADVANCED_FACE('',(#104),#46,.F.);
#1476=ADVANCED_FACE('',(#105),#1434,.F.);
#1477=ADVANCED_FACE('',(#106),#47,.F.);
#1478=ADVANCED_FACE('',(#107),#1435,.F.);
#1479=ADVANCED_FACE('',(#108),#48,.F.);
#1480=ADVANCED_FACE('',(#109),#1436,.F.);
#1481=ADVANCED_FACE('',(#110),#49,.F.);
#1482=ADVANCED_FACE('',(#111),#1437,.F.);
#1483=ADVANCED_FACE('',(#112),#50,.F.);
#1484=ADVANCED_FACE('',(#113),#1438,.F.);
#1485=ADVANCED_FACE('',(#114),#51,.F.);
#1486=ADVANCED_FACE('',(#115),#1439,.F.);
#1487=ADVANCED_FACE('',(#116),#52,.F.);
#1488=ADVANCED_FACE('',(#117),#1440,.F.);
#1489=ADVANCED_FACE('',(#118),#53,.F.);
#1490=ADVANCED_FACE('',(#119),#1441,.F.);
#1491=ADVANCED_FACE('',(#120),#54,.F.);
#1492=ADVANCED_FACE('',(#121),#1442,.F.);
#1493=ADVANCED_FACE('',(#122),#55,.F.);
#1494=ADVANCED_FACE('',(#123),#1443,.F.);
#1495=ADVANCED_FACE('',(#124),#56,.F.);
#1496=ADVANCED_FACE('',(#125),#1444,.F.);
#1497=ADVANCED_FACE('',(#126),#57,.F.);
#1498=ADVANCED_FACE('',(#127),#1445,.F.);
#1499=ADVANCED_FACE('',(#128),#58,.F.);
#1500=ADVANCED_FACE('',(#129),#1446,.F.);
#1501=ADVANCED_FACE('',(#130),#59,.F.);
#1502=ADVANCED_FACE('',(#131),#1447,.F.);
#1503=ADVANCED_FACE('',(#132),#60,.F.);
#1504=ADVANCED_FACE('',(#133,#32),#61,.F.);
#1505=ADVANCED_FACE('',(#134),#62,.F.);
#1506=ADVANCED_FACE('',(#135),#1448,.F.);
#1507=ADVANCED_FACE('',(#136),#63,.F.);
#1508=ADVANCED_FACE('',(#137,#33),#64,.F.);
#1509=ADVANCED_FACE('',(#138),#65,.F.);
#1510=ADVANCED_FACE('',(#139),#1449,.F.);
#1511=ADVANCED_FACE('',(#140),#66,.F.);
#1512=ADVANCED_FACE('',(#141,#34),#67,.F.);
#1513=ADVANCED_FACE('',(#142),#68,.F.);
#1514=ADVANCED_FACE('',(#143),#1450,.F.);
#1515=ADVANCED_FACE('',(#144),#69,.F.);
#1516=ADVANCED_FACE('',(#145,#35),#70,.F.);
#1517=ADVANCED_FACE('',(#146),#71,.F.);
#1518=ADVANCED_FACE('',(#147),#1451,.F.);
#1519=ADVANCED_FACE('',(#148),#72,.F.);
#1520=ADVANCED_FACE('',(#149,#36),#73,.F.);
#1521=ADVANCED_FACE('',(#150),#74,.F.);
#1522=ADVANCED_FACE('',(#151),#1452,.F.);
#1523=ADVANCED_FACE('',(#152),#75,.F.);
#1524=ADVANCED_FACE('',(#153,#37),#76,.F.);
#1525=ADVANCED_FACE('',(#154),#77,.F.);
#1526=ADVANCED_FACE('',(#155),#1453,.F.);
#1527=ADVANCED_FACE('',(#156),#78,.F.);
#1528=ADVANCED_FACE('',(#157,#38),#79,.F.);
#1529=ADVANCED_FACE('',(#158),#80,.F.);
#1530=ADVANCED_FACE('',(#159),#1454,.F.);
#1531=ADVANCED_FACE('',(#160),#81,.F.);
#1532=ADVANCED_FACE('',(#161,#39),#82,.F.);
#1533=ADVANCED_FACE('',(#162),#83,.F.);
#1534=ADVANCED_FACE('',(#163),#1455,.F.);
#1535=ADVANCED_FACE('',(#164),#84,.F.);
#1536=ADVANCED_FACE('',(#165),#1456,.F.);
#1537=ADVANCED_FACE('',(#166),#85,.T.);
#1538=CLOSED_SHELL('',(#1457,#1458,#1459,#1460,#1461,#1462,#1463,#1464,
#1465,#1466,#1467,#1468,#1469,#1470,#1471,#1472,#1473,#1474,#1475,#1476,
#1477,#1478,#1479,#1480,#1481,#1482,#1483,#1484,#1485,#1486,#1487,#1488,
#1489,#1490,#1491,#1492,#1493,#1494,#1495,#1496,#1497,#1498,#1499,#1500,
#1501,#1502,#1503,#1504,#1505,#1506,#1507,#1508,#1509,#1510,#1511,#1512,
#1513,#1514,#1515,#1516,#1517,#1518,#1519,#1520,#1521,#1522,#1523,#1524,
#1525,#1526,#1527,#1528,#1529,#1530,#1531,#1532,#1533,#1534,#1535,#1536,
#1537));
#1539=DERIVED_UNIT_ELEMENT(#1542,1.);
#1540=DERIVED_UNIT_ELEMENT(#2635,-3.);
#1541=DIMENSIONAL_EXPONENTS(0.,1.,0.,0.,0.,0.,0.);
#1542=(
CONVERSION_BASED_UNIT('gram',#1544)
MASS_UNIT()
NAMED_UNIT(#1541)
);
#1543=(
MASS_UNIT()
NAMED_UNIT(*)
SI_UNIT(.KILO.,.GRAM.)
);
#1544=MASS_MEASURE_WITH_UNIT(MASS_MEASURE(0.001),#1543);
#1545=DERIVED_UNIT((#1539,#1540));
#1546=MEASURE_REPRESENTATION_ITEM('density measure',
POSITIVE_RATIO_MEASURE(2.7),#1545);
#1547=PROPERTY_DEFINITION_REPRESENTATION(#1552,#1549);
#1548=PROPERTY_DEFINITION_REPRESENTATION(#1553,#1550);
#1549=REPRESENTATION('material name',(#1551),#2632);
#1550=REPRESENTATION('density',(#1546),#2632);
#1551=DESCRIPTIVE_REPRESENTATION_ITEM(
'solidworks materials|6061 \X2\540891D1\X0\',
'solidworks materials|6061 \X2\540891D1\X0\');
#1552=PROPERTY_DEFINITION('material property','material name',#2642);
#1553=PROPERTY_DEFINITION('material property','density of part',#2642);
#1554=DATE_TIME_ROLE('creation_date');
#1555=APPLIED_DATE_AND_TIME_ASSIGNMENT(#1556,#1554,(#2642));
#1556=DATE_AND_TIME(#1557,#1558);
#1557=CALENDAR_DATE(2024,12,7);
#1558=LOCAL_TIME(8,52,58.,#1559);
#1559=COORDINATED_UNIVERSAL_TIME_OFFSET(0,0,.BEHIND.);
#1560=AXIS2_PLACEMENT_3D('',#2185,#1722,#1723);
#1561=AXIS2_PLACEMENT_3D('',#2186,#1724,#1725);
#1562=AXIS2_PLACEMENT_3D('',#2188,#1726,#1727);
#1563=AXIS2_PLACEMENT_3D('',#2191,#1729,#1730);
#1564=AXIS2_PLACEMENT_3D('',#2192,#1731,#1732);
#1565=AXIS2_PLACEMENT_3D('',#2194,#1733,#1734);
#1566=AXIS2_PLACEMENT_3D('',#2196,#1735,#1736);
#1567=AXIS2_PLACEMENT_3D('',#2197,#1737,#1738);
#1568=AXIS2_PLACEMENT_3D('',#2199,#1739,#1740);
#1569=AXIS2_PLACEMENT_3D('',#2202,#1742,#1743);
#1570=AXIS2_PLACEMENT_3D('',#2203,#1744,#1745);
#1571=AXIS2_PLACEMENT_3D('',#2205,#1746,#1747);
#1572=AXIS2_PLACEMENT_3D('',#2208,#1748,#1749);
#1573=AXIS2_PLACEMENT_3D('',#2212,#1751,#1752);
#1574=AXIS2_PLACEMENT_3D('',#2216,#1754,#1755);
#1575=AXIS2_PLACEMENT_3D('',#2220,#1757,#1758);
#1576=AXIS2_PLACEMENT_3D('',#2224,#1760,#1761);
#1577=AXIS2_PLACEMENT_3D('',#2228,#1763,#1764);
#1578=AXIS2_PLACEMENT_3D('',#2232,#1766,#1767);
#1579=AXIS2_PLACEMENT_3D('',#2236,#1769,#1770);
#1580=AXIS2_PLACEMENT_3D('',#2240,#1772,#1773);
#1581=AXIS2_PLACEMENT_3D('',#2244,#1775,#1776);
#1582=AXIS2_PLACEMENT_3D('',#2248,#1778,#1779);
#1583=AXIS2_PLACEMENT_3D('',#2252,#1781,#1782);
#1584=AXIS2_PLACEMENT_3D('',#2256,#1784,#1785);
#1585=AXIS2_PLACEMENT_3D('',#2260,#1787,#1788);
#1586=AXIS2_PLACEMENT_3D('',#2264,#1790,#1791);
#1587=AXIS2_PLACEMENT_3D('',#2268,#1793,#1794);
#1588=AXIS2_PLACEMENT_3D('',#2270,#1796,#1797);
#1589=AXIS2_PLACEMENT_3D('',#2274,#1799,#1800);
#1590=AXIS2_PLACEMENT_3D('',#2278,#1802,#1803);
#1591=AXIS2_PLACEMENT_3D('',#2282,#1805,#1806);
#1592=AXIS2_PLACEMENT_3D('',#2286,#1808,#1809);
#1593=AXIS2_PLACEMENT_3D('',#2290,#1811,#1812);
#1594=AXIS2_PLACEMENT_3D('',#2294,#1814,#1815);
#1595=AXIS2_PLACEMENT_3D('',#2298,#1817,#1818);
#1596=AXIS2_PLACEMENT_3D('',#2302,#1820,#1821);
#1597=AXIS2_PLACEMENT_3D('',#2306,#1823,#1824);
#1598=AXIS2_PLACEMENT_3D('',#2310,#1826,#1827);
#1599=AXIS2_PLACEMENT_3D('',#2314,#1829,#1830);
#1600=AXIS2_PLACEMENT_3D('',#2318,#1832,#1833);
#1601=AXIS2_PLACEMENT_3D('',#2322,#1835,#1836);
#1602=AXIS2_PLACEMENT_3D('',#2326,#1838,#1839);
#1603=AXIS2_PLACEMENT_3D('',#2330,#1841,#1842);
#1604=AXIS2_PLACEMENT_3D('',#2334,#1844,#1845);
#1605=AXIS2_PLACEMENT_3D('',#2337,#1847,#1848);
#1606=AXIS2_PLACEMENT_3D('',#2338,#1849,#1850);
#1607=AXIS2_PLACEMENT_3D('',#2342,#1852,#1853);
#1608=AXIS2_PLACEMENT_3D('',#2347,#1856,#1857);
#1609=AXIS2_PLACEMENT_3D('',#2352,#1860,#1861);
#1610=AXIS2_PLACEMENT_3D('',#2357,#1864,#1865);
#1611=AXIS2_PLACEMENT_3D('',#2362,#1868,#1869);
#1612=AXIS2_PLACEMENT_3D('',#2367,#1872,#1873);
#1613=AXIS2_PLACEMENT_3D('',#2372,#1876,#1877);
#1614=AXIS2_PLACEMENT_3D('',#2377,#1880,#1881);
#1615=AXIS2_PLACEMENT_3D('',#2380,#1883,#1884);
#1616=AXIS2_PLACEMENT_3D('',#2381,#1885,#1886);
#1617=AXIS2_PLACEMENT_3D('',#2384,#1888,#1889);
#1618=AXIS2_PLACEMENT_3D('',#2385,#1890,#1891);
#1619=AXIS2_PLACEMENT_3D('',#2387,#1892,#1893);
#1620=AXIS2_PLACEMENT_3D('',#2390,#1895,#1896);
#1621=AXIS2_PLACEMENT_3D('',#2391,#1897,#1898);
#1622=AXIS2_PLACEMENT_3D('',#2393,#1899,#1900);
#1623=AXIS2_PLACEMENT_3D('',#2395,#1901,#1902);
#1624=AXIS2_PLACEMENT_3D('',#2396,#1903,#1904);
#1625=AXIS2_PLACEMENT_3D('',#2398,#1905,#1906);
#1626=AXIS2_PLACEMENT_3D('',#2399,#1907,#1908);
#1627=AXIS2_PLACEMENT_3D('',#2401,#1910,#1911);
#1628=AXIS2_PLACEMENT_3D('',#2403,#1913,#1914);
#1629=AXIS2_PLACEMENT_3D('',#2405,#1916,#1917);
#1630=AXIS2_PLACEMENT_3D('',#2407,#1919,#1920);
#1631=AXIS2_PLACEMENT_3D('',#2409,#1922,#1923);
#1632=AXIS2_PLACEMENT_3D('',#2413,#1925,#1926);
#1633=AXIS2_PLACEMENT_3D('',#2415,#1928,#1929);
#1634=AXIS2_PLACEMENT_3D('',#2419,#1932,#1933);
#1635=AXIS2_PLACEMENT_3D('',#2422,#1935,#1936);
#1636=AXIS2_PLACEMENT_3D('',#2423,#1937,#1938);
#1637=AXIS2_PLACEMENT_3D('',#2425,#1940,#1941);
#1638=AXIS2_PLACEMENT_3D('',#2429,#1943,#1944);
#1639=AXIS2_PLACEMENT_3D('',#2431,#1946,#1947);
#1640=AXIS2_PLACEMENT_3D('',#2435,#1950,#1951);
#1641=AXIS2_PLACEMENT_3D('',#2438,#1953,#1954);
#1642=AXIS2_PLACEMENT_3D('',#2439,#1955,#1956);
#1643=AXIS2_PLACEMENT_3D('',#2441,#1958,#1959);
#1644=AXIS2_PLACEMENT_3D('',#2445,#1961,#1962);
#1645=AXIS2_PLACEMENT_3D('',#2447,#1964,#1965);
#1646=AXIS2_PLACEMENT_3D('',#2451,#1968,#1969);
#1647=AXIS2_PLACEMENT_3D('',#2454,#1971,#1972);
#1648=AXIS2_PLACEMENT_3D('',#2455,#1973,#1974);
#1649=AXIS2_PLACEMENT_3D('',#2457,#1976,#1977);
#1650=AXIS2_PLACEMENT_3D('',#2461,#1979,#1980);
#1651=AXIS2_PLACEMENT_3D('',#2463,#1982,#1983);
#1652=AXIS2_PLACEMENT_3D('',#2467,#1986,#1987);
#1653=AXIS2_PLACEMENT_3D('',#2470,#1989,#1990);
#1654=AXIS2_PLACEMENT_3D('',#2471,#1991,#1992);
#1655=AXIS2_PLACEMENT_3D('',#2473,#1994,#1995);
#1656=AXIS2_PLACEMENT_3D('',#2477,#1997,#1998);
#1657=AXIS2_PLACEMENT_3D('',#2479,#2000,#2001);
#1658=AXIS2_PLACEMENT_3D('',#2483,#2004,#2005);
#1659=AXIS2_PLACEMENT_3D('',#2486,#2007,#2008);
#1660=AXIS2_PLACEMENT_3D('',#2487,#2009,#2010);
#1661=AXIS2_PLACEMENT_3D('',#2489,#2012,#2013);
#1662=AXIS2_PLACEMENT_3D('',#2493,#2015,#2016);
#1663=AXIS2_PLACEMENT_3D('',#2495,#2018,#2019);
#1664=AXIS2_PLACEMENT_3D('',#2499,#2022,#2023);
#1665=AXIS2_PLACEMENT_3D('',#2502,#2025,#2026);
#1666=AXIS2_PLACEMENT_3D('',#2503,#2027,#2028);
#1667=AXIS2_PLACEMENT_3D('',#2505,#2030,#2031);
#1668=AXIS2_PLACEMENT_3D('',#2509,#2033,#2034);
#1669=AXIS2_PLACEMENT_3D('',#2511,#2036,#2037);
#1670=AXIS2_PLACEMENT_3D('',#2515,#2040,#2041);
#1671=AXIS2_PLACEMENT_3D('',#2518,#2043,#2044);
#1672=AXIS2_PLACEMENT_3D('',#2519,#2045,#2046);
#1673=AXIS2_PLACEMENT_3D('',#2521,#2048,#2049);
#1674=AXIS2_PLACEMENT_3D('',#2525,#2051,#2052);
#1675=AXIS2_PLACEMENT_3D('',#2527,#2054,#2055);
#1676=AXIS2_PLACEMENT_3D('',#2531,#2058,#2059);
#1677=AXIS2_PLACEMENT_3D('',#2534,#2061,#2062);
#1678=AXIS2_PLACEMENT_3D('',#2535,#2063,#2064);
#1679=AXIS2_PLACEMENT_3D('',#2537,#2066,#2067);
#1680=AXIS2_PLACEMENT_3D('',#2541,#2069,#2070);
#1681=AXIS2_PLACEMENT_3D('',#2543,#2072,#2073);
#1682=AXIS2_PLACEMENT_3D('',#2545,#2075,#2076);
#1683=AXIS2_PLACEMENT_3D('',#2547,#2078,#2079);
#1684=AXIS2_PLACEMENT_3D('',#2548,#2080,#2081);
#1685=AXIS2_PLACEMENT_3D('',#2552,#2083,#2084);
#1686=AXIS2_PLACEMENT_3D('',#2554,#2086,#2087);
#1687=AXIS2_PLACEMENT_3D('',#2556,#2089,#2090);
#1688=AXIS2_PLACEMENT_3D('',#2558,#2092,#2093);
#1689=AXIS2_PLACEMENT_3D('',#2559,#2094,#2095);
#1690=AXIS2_PLACEMENT_3D('',#2563,#2097,#2098);
#1691=AXIS2_PLACEMENT_3D('',#2565,#2100,#2101);
#1692=AXIS2_PLACEMENT_3D('',#2567,#2103,#2104);
#1693=AXIS2_PLACEMENT_3D('',#2569,#2106,#2107);
#1694=AXIS2_PLACEMENT_3D('',#2570,#2108,#2109);
#1695=AXIS2_PLACEMENT_3D('',#2574,#2111,#2112);
#1696=AXIS2_PLACEMENT_3D('',#2576,#2114,#2115);
#1697=AXIS2_PLACEMENT_3D('',#2578,#2117,#2118);
#1698=AXIS2_PLACEMENT_3D('',#2580,#2120,#2121);
#1699=AXIS2_PLACEMENT_3D('',#2581,#2122,#2123);
#1700=AXIS2_PLACEMENT_3D('',#2585,#2125,#2126);
#1701=AXIS2_PLACEMENT_3D('',#2587,#2128,#2129);
#1702=AXIS2_PLACEMENT_3D('',#2589,#2131,#2132);
#1703=AXIS2_PLACEMENT_3D('',#2591,#2134,#2135);
#1704=AXIS2_PLACEMENT_3D('',#2592,#2136,#2137);
#1705=AXIS2_PLACEMENT_3D('',#2596,#2139,#2140);
#1706=AXIS2_PLACEMENT_3D('',#2598,#2142,#2143);
#1707=AXIS2_PLACEMENT_3D('',#2600,#2145,#2146);
#1708=AXIS2_PLACEMENT_3D('',#2602,#2148,#2149);
#1709=AXIS2_PLACEMENT_3D('',#2603,#2150,#2151);
#1710=AXIS2_PLACEMENT_3D('',#2607,#2153,#2154);
#1711=AXIS2_PLACEMENT_3D('',#2609,#2156,#2157);
#1712=AXIS2_PLACEMENT_3D('',#2611,#2159,#2160);
#1713=AXIS2_PLACEMENT_3D('',#2613,#2162,#2163);
#1714=AXIS2_PLACEMENT_3D('',#2614,#2164,#2165);
#1715=AXIS2_PLACEMENT_3D('',#2618,#2167,#2168);
#1716=AXIS2_PLACEMENT_3D('',#2620,#2170,#2171);
#1717=AXIS2_PLACEMENT_3D('',#2622,#2173,#2174);
#1718=AXIS2_PLACEMENT_3D('',#2624,#2176,#2177);
#1719=AXIS2_PLACEMENT_3D('',#2625,#2178,#2179);
#1720=AXIS2_PLACEMENT_3D('',#2627,#2180,#2181);
#1721=AXIS2_PLACEMENT_3D('',#2629,#2183,#2184);
#1722=DIRECTION('axis',(0.,0.,1.));
#1723=DIRECTION('refdir',(1.,0.,0.));
#1724=DIRECTION('center_axis',(0.,-1.,0.));
#1725=DIRECTION('ref_axis',(0.,0.,-1.));
#1726=DIRECTION('center_axis',(0.,-1.,0.));
#1727=DIRECTION('ref_axis',(0.,0.,-1.));
#1728=DIRECTION('',(0.,-1.,0.));
#1729=DIRECTION('center_axis',(0.,-1.,0.));
#1730=DIRECTION('ref_axis',(0.,0.,-1.));
#1731=DIRECTION('center_axis',(0.,-1.,0.));
#1732=DIRECTION('ref_axis',(0.,0.,-1.));
#1733=DIRECTION('center_axis',(0.,-1.,0.));
#1734=DIRECTION('ref_axis',(0.,0.,-1.));
#1735=DIRECTION('center_axis',(0.,-1.,0.));
#1736=DIRECTION('ref_axis',(0.,0.,-1.));
#1737=DIRECTION('center_axis',(0.,-1.,0.));
#1738=DIRECTION('ref_axis',(0.,0.,-1.));
#1739=DIRECTION('center_axis',(0.,-1.,0.));
#1740=DIRECTION('ref_axis',(0.,0.,-1.));
#1741=DIRECTION('',(0.,-1.,0.));
#1742=DIRECTION('center_axis',(0.,-1.,0.));
#1743=DIRECTION('ref_axis',(0.,0.,-1.));
#1744=DIRECTION('center_axis',(0.,-1.,0.));
#1745=DIRECTION('ref_axis',(0.,0.,-1.));
#1746=DIRECTION('center_axis',(0.,-1.,0.));
#1747=DIRECTION('ref_axis',(0.,0.,-1.));
#1748=DIRECTION('center_axis',(0.,1.,0.));
#1749=DIRECTION('ref_axis',(0.,0.,1.));
#1750=DIRECTION('',(2.77555756156288E-16,0.,1.));
#1751=DIRECTION('center_axis',(0.,1.,0.));
#1752=DIRECTION('ref_axis',(0.,0.,1.));
#1753=DIRECTION('',(2.77555756156289E-16,0.,-1.));
#1754=DIRECTION('center_axis',(0.,1.,0.));
#1755=DIRECTION('ref_axis',(0.,0.,1.));
#1756=DIRECTION('',(-0.707106781186549,0.,0.707106781186546));
#1757=DIRECTION('center_axis',(0.,1.,0.));
#1758=DIRECTION('ref_axis',(0.,0.,1.));
#1759=DIRECTION('',(0.707106781186549,0.,-0.707106781186546));
#1760=DIRECTION('center_axis',(0.,1.,0.));
#1761=DIRECTION('ref_axis',(0.,0.,1.));
#1762=DIRECTION('',(-1.,0.,5.55111512312578E-16));
#1763=DIRECTION('center_axis',(0.,1.,0.));
#1764=DIRECTION('ref_axis',(0.,0.,1.));
#1765=DIRECTION('',(1.,0.,5.55111512312578E-16));
#1766=DIRECTION('center_axis',(0.,1.,0.));
#1767=DIRECTION('ref_axis',(0.,0.,1.));
#1768=DIRECTION('',(-0.707106781186546,0.,-0.707106781186549));
#1769=DIRECTION('center_axis',(0.,1.,0.));
#1770=DIRECTION('ref_axis',(0.,0.,1.));
#1771=DIRECTION('',(0.707106781186548,0.,0.707106781186548));
#1772=DIRECTION('center_axis',(0.,1.,0.));
#1773=DIRECTION('ref_axis',(0.,0.,1.));
#1774=DIRECTION('',(-5.55111512312578E-16,0.,-1.));
#1775=DIRECTION('center_axis',(0.,1.,0.));
#1776=DIRECTION('ref_axis',(0.,0.,1.));
#1777=DIRECTION('',(-2.77555756156289E-16,0.,1.));
#1778=DIRECTION('center_axis',(0.,1.,0.));
#1779=DIRECTION('ref_axis',(0.,0.,1.));
#1780=DIRECTION('',(0.707106781186548,0.,-0.707106781186548));
#1781=DIRECTION('center_axis',(0.,1.,0.));
#1782=DIRECTION('ref_axis',(0.,0.,1.));
#1783=DIRECTION('',(-0.707106781186549,0.,0.707106781186546));
#1784=DIRECTION('center_axis',(0.,1.,0.));
#1785=DIRECTION('ref_axis',(0.,0.,1.));
#1786=DIRECTION('',(1.,0.,-2.77555756156289E-16));
#1787=DIRECTION('center_axis',(0.,1.,0.));
#1788=DIRECTION('ref_axis',(0.,0.,1.));
#1789=DIRECTION('',(-1.,0.,-2.77555756156289E-16));
#1790=DIRECTION('center_axis',(0.,1.,0.));
#1791=DIRECTION('ref_axis',(0.,0.,1.));
#1792=DIRECTION('',(0.70710678118655,0.,0.707106781186545));
#1793=DIRECTION('center_axis',(0.,1.,0.));
#1794=DIRECTION('ref_axis',(0.,0.,1.));
#1795=DIRECTION('',(-0.707106781186549,0.,-0.707106781186546));
#1796=DIRECTION('center_axis',(0.,-1.,0.));
#1797=DIRECTION('ref_axis',(0.,0.,-1.));
#1798=DIRECTION('',(0.,1.,0.));
#1799=DIRECTION('center_axis',(0.,1.,0.));
#1800=DIRECTION('ref_axis',(0.,0.,1.));
#1801=DIRECTION('',(0.,1.,0.));
#1802=DIRECTION('center_axis',(0.,-1.,0.));
#1803=DIRECTION('ref_axis',(0.,0.,-1.));
#1804=DIRECTION('',(0.,1.,0.));
#1805=DIRECTION('center_axis',(0.,1.,0.));
#1806=DIRECTION('ref_axis',(-0.707106781186544,0.,0.707106781186551));
#1807=DIRECTION('',(0.,1.,0.));
#1808=DIRECTION('center_axis',(0.,-1.,0.));
#1809=DIRECTION('ref_axis',(0.,0.,-1.));
#1810=DIRECTION('',(0.,1.,0.));
#1811=DIRECTION('center_axis',(0.,1.,0.));
#1812=DIRECTION('ref_axis',(-1.,0.,3.49148133884313E-15));
#1813=DIRECTION('',(0.,1.,0.));
#1814=DIRECTION('center_axis',(0.,-1.,0.));
#1815=DIRECTION('ref_axis',(0.,0.,-1.));
#1816=DIRECTION('',(0.,1.,0.));
#1817=DIRECTION('center_axis',(0.,1.,0.));
#1818=DIRECTION('ref_axis',(-0.707106781186549,0.,-0.707106781186546));
#1819=DIRECTION('',(0.,1.,0.));
#1820=DIRECTION('center_axis',(0.,-1.,0.));
#1821=DIRECTION('ref_axis',(0.,0.,-1.));
#1822=DIRECTION('',(0.,1.,0.));
#1823=DIRECTION('center_axis',(0.,1.,0.));
#1824=DIRECTION('ref_axis',(0.,0.,-1.));
#1825=DIRECTION('',(0.,1.,0.));
#1826=DIRECTION('center_axis',(0.,-1.,0.));
#1827=DIRECTION('ref_axis',(0.,0.,-1.));
#1828=DIRECTION('',(0.,1.,0.));
#1829=DIRECTION('center_axis',(0.,1.,0.));
#1830=DIRECTION('ref_axis',(0.707106781186539,0.,-0.707106781186556));
#1831=DIRECTION('',(0.,1.,0.));
#1832=DIRECTION('center_axis',(0.,-1.,0.));
#1833=DIRECTION('ref_axis',(0.,0.,-1.));
#1834=DIRECTION('',(0.,1.,0.));
#1835=DIRECTION('center_axis',(0.,1.,0.));
#1836=DIRECTION('ref_axis',(1.,0.,-1.04744440165294E-14));
#1837=DIRECTION('',(0.,1.,0.));
#1838=DIRECTION('center_axis',(0.,-1.,0.));
#1839=DIRECTION('ref_axis',(0.,0.,-1.));
#1840=DIRECTION('',(0.,1.,0.));
#1841=DIRECTION('center_axis',(0.,1.,0.));
#1842=DIRECTION('ref_axis',(0.707106781186554,0.,0.707106781186541));
#1843=DIRECTION('',(0.,1.,0.));
#1844=DIRECTION('center_axis',(0.,-1.,0.));
#1845=DIRECTION('ref_axis',(0.,0.,-1.));
#1846=DIRECTION('',(0.,1.,0.));
#1847=DIRECTION('center_axis',(0.,1.,0.));
#1848=DIRECTION('ref_axis',(0.,0.,1.));
#1849=DIRECTION('center_axis',(0.,1.,0.));
#1850=DIRECTION('ref_axis',(0.,0.,1.));
#1851=DIRECTION('',(-1.,0.,3.44195584477307E-15));
#1852=DIRECTION('center_axis',(0.,1.,0.));
#1853=DIRECTION('ref_axis',(1.,0.,-3.49148133884313E-15));
#1854=DIRECTION('',(1.,0.,-3.63317561392714E-15));
#1855=DIRECTION('',(-0.707106781186544,0.,0.707106781186551));
#1856=DIRECTION('center_axis',(0.,1.,0.));
#1857=DIRECTION('ref_axis',(0.707106781186544,0.,-0.707106781186551));
#1858=DIRECTION('',(0.707106781186544,0.,-0.707106781186552));
#1859=DIRECTION('',(0.,0.,1.));
#1860=DIRECTION('center_axis',(0.,1.,0.));
#1861=DIRECTION('ref_axis',(0.,0.,-1.));
#1862=DIRECTION('',(-1.9121976915406E-16,0.,-1.));
#1863=DIRECTION('',(0.707106781186554,0.,0.707106781186541));
#1864=DIRECTION('center_axis',(0.,1.,0.));
#1865=DIRECTION('ref_axis',(-0.707106781186554,0.,-0.707106781186541));
#1866=DIRECTION('',(-0.707106781186553,0.,-0.707106781186542));
#1867=DIRECTION('',(1.,0.,-1.04214774188963E-14));
#1868=DIRECTION('center_axis',(0.,1.,0.));
#1869=DIRECTION('ref_axis',(-1.,0.,1.04744440165294E-14));
#1870=DIRECTION('',(-1.,0.,1.06126971880503E-14));
#1871=DIRECTION('',(0.707106781186539,0.,-0.707106781186556));
#1872=DIRECTION('center_axis',(0.,1.,0.));
#1873=DIRECTION('ref_axis',(-0.707106781186539,0.,0.707106781186556));
#1874=DIRECTION('',(-0.707106781186538,0.,0.707106781186557));
#1875=DIRECTION('',(0.,0.,-1.));
#1876=DIRECTION('center_axis',(0.,1.,0.));
#1877=DIRECTION('ref_axis',(0.,0.,1.));
#1878=DIRECTION('',(1.9121976915406E-16,0.,1.));
#1879=DIRECTION('',(-0.707106781186548,0.,-0.707106781186547));
#1880=DIRECTION('center_axis',(0.,1.,0.));
#1881=DIRECTION('ref_axis',(0.707106781186549,0.,0.707106781186546));
#1882=DIRECTION('',(0.707106781186549,0.,0.707106781186546));
#1883=DIRECTION('center_axis',(0.,-1.,0.));
#1884=DIRECTION('ref_axis',(0.,0.,-1.));
#1885=DIRECTION('center_axis',(0.,-1.,0.));
#1886=DIRECTION('ref_axis',(0.,0.,-1.));
#1887=DIRECTION('',(0.,1.,0.));
#1888=DIRECTION('center_axis',(0.,1.,0.));
#1889=DIRECTION('ref_axis',(0.,0.,1.));
#1890=DIRECTION('center_axis',(0.,-1.,0.));
#1891=DIRECTION('ref_axis',(0.,0.,-1.));
#1892=DIRECTION('center_axis',(0.,-1.,0.));
#1893=DIRECTION('ref_axis',(0.,0.,-1.));
#1894=DIRECTION('',(0.,1.,0.));
#1895=DIRECTION('center_axis',(0.,1.,0.));
#1896=DIRECTION('ref_axis',(0.,0.,1.));
#1897=DIRECTION('center_axis',(0.,1.,0.));
#1898=DIRECTION('ref_axis',(0.,0.,1.));
#1899=DIRECTION('center_axis',(0.,1.,0.));
#1900=DIRECTION('ref_axis',(0.,0.,1.));
#1901=DIRECTION('center_axis',(0.,1.,0.));
#1902=DIRECTION('ref_axis',(0.,0.,1.));
#1903=DIRECTION('center_axis',(0.,-1.,0.));
#1904=DIRECTION('ref_axis',(0.,0.,-1.));
#1905=DIRECTION('center_axis',(0.,-1.,0.));
#1906=DIRECTION('ref_axis',(0.,0.,-1.));
#1907=DIRECTION('center_axis',(0.,-1.,0.));
#1908=DIRECTION('ref_axis',(0.,0.,-1.));
#1909=DIRECTION('',(-8.65956056235499E-17,-0.707106781186543,0.707106781186552));
#1910=DIRECTION('center_axis',(0.,-1.,0.));
#1911=DIRECTION('ref_axis',(0.,0.,-1.));
#1912=DIRECTION('',(-8.65956056235497E-17,-0.707106781186545,0.70710678118655));
#1913=DIRECTION('center_axis',(0.,-1.,0.));
#1914=DIRECTION('ref_axis',(0.,0.,-1.));
#1915=DIRECTION('',(-8.65956056235497E-17,-0.707106781186544,0.707106781186551));
#1916=DIRECTION('center_axis',(0.,-1.,0.));
#1917=DIRECTION('ref_axis',(0.,0.,-1.));
#1918=DIRECTION('',(8.65956056235505E-17,0.707106781186538,-0.707106781186557));
#1919=DIRECTION('center_axis',(0.,-1.,0.));
#1920=DIRECTION('ref_axis',(0.,0.,-1.));
#1921=DIRECTION('',(8.65956056235495E-17,0.707106781186546,-0.707106781186549));
#1922=DIRECTION('center_axis',(0.,1.,0.));
#1923=DIRECTION('ref_axis',(-0.707106781186547,0.,-0.707106781186548));
#1924=DIRECTION('',(0.,1.,0.));
#1925=DIRECTION('center_axis',(0.,-1.,0.));
#1926=DIRECTION('ref_axis',(0.,0.,-1.));
#1927=DIRECTION('',(0.,1.,0.));
#1928=DIRECTION('center_axis',(0.707106781186546,0.,-0.707106781186549));
#1929=DIRECTION('ref_axis',(-0.707106781186549,0.,-0.707106781186546));
#1930=DIRECTION('',(0.,1.,0.));
#1931=DIRECTION('',(-0.707106781186549,0.,-0.707106781186546));
#1932=DIRECTION('center_axis',(0.,1.,0.));
#1933=DIRECTION('ref_axis',(0.,0.,1.));
#1934=DIRECTION('',(0.,1.,0.));
#1935=DIRECTION('center_axis',(0.,-1.,0.));
#1936=DIRECTION('ref_axis',(0.,0.,-1.));
#1937=DIRECTION('center_axis',(-0.707106781186546,0.,0.707106781186549));
#1938=DIRECTION('ref_axis',(0.707106781186549,0.,0.707106781186546));
#1939=DIRECTION('',(0.70710678118655,0.,0.707106781186545));
#1940=DIRECTION('center_axis',(0.,1.,0.));
#1941=DIRECTION('ref_axis',(0.,0.,1.));
#1942=DIRECTION('',(0.,1.,0.));
#1943=DIRECTION('center_axis',(0.,-1.,0.));
#1944=DIRECTION('ref_axis',(0.,0.,-1.));
#1945=DIRECTION('',(0.,1.,0.));
#1946=DIRECTION('center_axis',(4.33680868994201E-16,0.,-1.));
#1947=DIRECTION('ref_axis',(-1.,0.,-4.33680868994201E-16));
#1948=DIRECTION('',(0.,1.,0.));
#1949=DIRECTION('',(-1.,0.,-2.77555756156289E-16));
#1950=DIRECTION('center_axis',(0.,1.,0.));
#1951=DIRECTION('ref_axis',(0.,0.,1.));
#1952=DIRECTION('',(0.,1.,0.));
#1953=DIRECTION('center_axis',(0.,-1.,0.));
#1954=DIRECTION('ref_axis',(0.,0.,-1.));
#1955=DIRECTION('center_axis',(4.33680868994201E-16,0.,1.));
#1956=DIRECTION('ref_axis',(1.,0.,-4.33680868994201E-16));
#1957=DIRECTION('',(1.,0.,-2.77555756156289E-16));
#1958=DIRECTION('center_axis',(0.,1.,0.));
#1959=DIRECTION('ref_axis',(0.,0.,1.));
#1960=DIRECTION('',(0.,1.,0.));
#1961=DIRECTION('center_axis',(0.,-1.,0.));
#1962=DIRECTION('ref_axis',(0.,0.,-1.));
#1963=DIRECTION('',(0.,1.,0.));
#1964=DIRECTION('center_axis',(-0.707106781186548,0.,-0.707106781186548));
#1965=DIRECTION('ref_axis',(-0.707106781186548,0.,0.707106781186548));
#1966=DIRECTION('',(0.,1.,0.));
#1967=DIRECTION('',(-0.707106781186549,0.,0.707106781186546));
#1968=DIRECTION('center_axis',(0.,1.,0.));
#1969=DIRECTION('ref_axis',(0.707106781186549,0.,-0.707106781186545));
#1970=DIRECTION('',(0.,1.,0.));
#1971=DIRECTION('center_axis',(0.,-1.,0.));
#1972=DIRECTION('ref_axis',(0.,0.,-1.));
#1973=DIRECTION('center_axis',(0.707106781186548,0.,0.707106781186548));
#1974=DIRECTION('ref_axis',(0.707106781186548,0.,-0.707106781186548));
#1975=DIRECTION('',(0.707106781186549,0.,-0.707106781186546));
#1976=DIRECTION('center_axis',(0.,1.,0.));
#1977=DIRECTION('ref_axis',(0.,0.,1.));
#1978=DIRECTION('',(0.,1.,0.));
#1979=DIRECTION('center_axis',(0.,-1.,0.));
#1980=DIRECTION('ref_axis',(0.,0.,-1.));
#1981=DIRECTION('',(0.,1.,0.));
#1982=DIRECTION('center_axis',(-1.,0.,-4.33680868994201E-16));
#1983=DIRECTION('ref_axis',(-4.33680868994201E-16,0.,1.));
#1984=DIRECTION('',(0.,1.,0.));
#1985=DIRECTION('',(-2.77555756156289E-16,0.,1.));
#1986=DIRECTION('center_axis',(0.,1.,0.));
#1987=DIRECTION('ref_axis',(1.22464679914735E-16,0.,-1.));
#1988=DIRECTION('',(0.,1.,0.));
#1989=DIRECTION('center_axis',(0.,-1.,0.));
#1990=DIRECTION('ref_axis',(0.,0.,-1.));
#1991=DIRECTION('center_axis',(1.,0.,-4.33680868994201E-16));
#1992=DIRECTION('ref_axis',(-4.33680868994201E-16,0.,-1.));
#1993=DIRECTION('',(-5.55111512312578E-16,0.,-1.));
#1994=DIRECTION('center_axis',(0.,1.,0.));
#1995=DIRECTION('ref_axis',(0.,0.,1.));
#1996=DIRECTION('',(0.,1.,0.));
#1997=DIRECTION('center_axis',(0.,-1.,0.));
#1998=DIRECTION('ref_axis',(0.,0.,-1.));
#1999=DIRECTION('',(0.,1.,0.));
#2000=DIRECTION('center_axis',(-0.707106781186548,0.,0.707106781186548));
#2001=DIRECTION('ref_axis',(0.707106781186548,0.,0.707106781186548));
#2002=DIRECTION('',(0.,1.,0.));
#2003=DIRECTION('',(0.707106781186548,0.,0.707106781186548));
#2004=DIRECTION('center_axis',(0.,1.,0.));
#2005=DIRECTION('ref_axis',(-0.707106781186546,0.,-0.707106781186549));
#2006=DIRECTION('',(0.,1.,0.));
#2007=DIRECTION('center_axis',(0.,-1.,0.));
#2008=DIRECTION('ref_axis',(0.,0.,-1.));
#2009=DIRECTION('center_axis',(0.707106781186548,0.,-0.707106781186548));
#2010=DIRECTION('ref_axis',(-0.707106781186548,0.,-0.707106781186548));
#2011=DIRECTION('',(-0.707106781186546,0.,-0.707106781186549));
#2012=DIRECTION('center_axis',(0.,1.,0.));
#2013=DIRECTION('ref_axis',(0.,0.,1.));
#2014=DIRECTION('',(0.,1.,0.));
#2015=DIRECTION('center_axis',(0.,-1.,0.));
#2016=DIRECTION('ref_axis',(0.,0.,-1.));
#2017=DIRECTION('',(0.,1.,0.));
#2018=DIRECTION('center_axis',(-4.33680868994201E-16,0.,1.));
#2019=DIRECTION('ref_axis',(1.,0.,4.33680868994201E-16));
#2020=DIRECTION('',(0.,1.,0.));
#2021=DIRECTION('',(1.,0.,5.55111512312578E-16));
#2022=DIRECTION('center_axis',(0.,1.,0.));
#2023=DIRECTION('ref_axis',(0.,0.,1.));
#2024=DIRECTION('',(0.,1.,0.));
#2025=DIRECTION('center_axis',(0.,-1.,0.));
#2026=DIRECTION('ref_axis',(0.,0.,-1.));
#2027=DIRECTION('center_axis',(-4.33680868994201E-16,0.,-1.));
#2028=DIRECTION('ref_axis',(-1.,0.,4.33680868994201E-16));
#2029=DIRECTION('',(-1.,0.,5.55111512312578E-16));
#2030=DIRECTION('center_axis',(0.,1.,0.));
#2031=DIRECTION('ref_axis',(0.707106781186547,0.,-0.707106781186548));
#2032=DIRECTION('',(0.,1.,0.));
#2033=DIRECTION('center_axis',(0.,-1.,0.));
#2034=DIRECTION('ref_axis',(0.,0.,-1.));
#2035=DIRECTION('',(0.,1.,0.));
#2036=DIRECTION('center_axis',(0.707106781186548,0.,0.707106781186548));
#2037=DIRECTION('ref_axis',(0.707106781186548,0.,-0.707106781186548));
#2038=DIRECTION('',(0.,1.,0.));
#2039=DIRECTION('',(0.707106781186549,0.,-0.707106781186546));
#2040=DIRECTION('center_axis',(0.,1.,0.));
#2041=DIRECTION('ref_axis',(0.,0.,1.));
#2042=DIRECTION('',(0.,1.,0.));
#2043=DIRECTION('center_axis',(0.,-1.,0.));
#2044=DIRECTION('ref_axis',(0.,0.,-1.));
#2045=DIRECTION('center_axis',(-0.707106781186548,0.,-0.707106781186548));
#2046=DIRECTION('ref_axis',(-0.707106781186548,0.,0.707106781186548));
#2047=DIRECTION('',(-0.707106781186549,0.,0.707106781186546));
#2048=DIRECTION('center_axis',(0.,1.,0.));
#2049=DIRECTION('ref_axis',(1.22464679914735E-16,0.,-1.));
#2050=DIRECTION('',(0.,1.,0.));
#2051=DIRECTION('center_axis',(0.,-1.,0.));
#2052=DIRECTION('ref_axis',(0.,0.,-1.));
#2053=DIRECTION('',(0.,1.,0.));
#2054=DIRECTION('center_axis',(1.,0.,4.33680868994201E-16));
#2055=DIRECTION('ref_axis',(4.33680868994201E-16,0.,-1.));
#2056=DIRECTION('',(0.,1.,0.));
#2057=DIRECTION('',(2.77555756156289E-16,0.,-1.));
#2058=DIRECTION('center_axis',(0.,1.,0.));
#2059=DIRECTION('ref_axis',(0.,0.,1.));
#2060=DIRECTION('',(0.,1.,0.));
#2061=DIRECTION('center_axis',(0.,-1.,0.));
#2062=DIRECTION('ref_axis',(0.,0.,-1.));
#2063=DIRECTION('center_axis',(-1.,0.,4.33680868994201E-16));
#2064=DIRECTION('ref_axis',(4.33680868994201E-16,0.,1.));
#2065=DIRECTION('',(2.77555756156289E-16,0.,1.));
#2066=DIRECTION('center_axis',(0.,-1.,0.));
#2067=DIRECTION('ref_axis',(0.,0.,-1.));
#2068=DIRECTION('',(1.9121976915406E-16,0.,1.));
#2069=DIRECTION('center_axis',(0.,1.,0.));
#2070=DIRECTION('ref_axis',(0.,0.,1.));
#2071=DIRECTION('',(0.,0.,-1.));
#2072=DIRECTION('center_axis',(1.,0.,0.));
#2073=DIRECTION('ref_axis',(0.,0.,-1.));
#2074=DIRECTION('',(0.,1.,0.));
#2075=DIRECTION('center_axis',(0.,1.,0.));
#2076=DIRECTION('ref_axis',(0.,0.,1.));
#2077=DIRECTION('',(0.,1.,0.));
#2078=DIRECTION('center_axis',(-1.,0.,1.49390444651609E-16));
#2079=DIRECTION('ref_axis',(1.49390444651609E-16,0.,1.));
#2080=DIRECTION('center_axis',(0.,-1.,0.));
#2081=DIRECTION('ref_axis',(0.,0.,-1.));
#2082=DIRECTION('',(-0.707106781186539,0.,0.707106781186556));
#2083=DIRECTION('center_axis',(0.,1.,0.));
#2084=DIRECTION('ref_axis',(-0.707106781186539,0.,0.707106781186556));
#2085=DIRECTION('',(0.707106781186539,0.,-0.707106781186556));
#2086=DIRECTION('center_axis',(0.707106781186556,0.,0.707106781186539));
#2087=DIRECTION('ref_axis',(0.707106781186539,0.,-0.707106781186556));
#2088=DIRECTION('',(0.,1.,0.));
#2089=DIRECTION('center_axis',(0.,1.,0.));
#2090=DIRECTION('ref_axis',(0.,0.,1.));
#2091=DIRECTION('',(0.,1.,0.));
#2092=DIRECTION('center_axis',(-0.707106781186556,0.,-0.707106781186539));
#2093=DIRECTION('ref_axis',(-0.707106781186539,0.,0.707106781186556));
#2094=DIRECTION('center_axis',(0.,-1.,0.));
#2095=DIRECTION('ref_axis',(0.,0.,-1.));
#2096=DIRECTION('',(-1.,0.,1.06126971880503E-14));
#2097=DIRECTION('center_axis',(0.,1.,0.));
#2098=DIRECTION('ref_axis',(-1.,0.,1.04744440165294E-14));
#2099=DIRECTION('',(1.,0.,-1.04214774188963E-14));
#2100=DIRECTION('center_axis',(1.04744440165294E-14,0.,1.));
#2101=DIRECTION('ref_axis',(1.,0.,-1.04744440165294E-14));
#2102=DIRECTION('',(0.,1.,0.));
#2103=DIRECTION('center_axis',(0.,1.,0.));
#2104=DIRECTION('ref_axis',(0.,0.,1.));
#2105=DIRECTION('',(0.,1.,0.));
#2106=DIRECTION('center_axis',(-1.0623834461181E-14,0.,-1.));
#2107=DIRECTION('ref_axis',(-1.,0.,1.0623834461181E-14));
#2108=DIRECTION('center_axis',(0.,-1.,0.));
#2109=DIRECTION('ref_axis',(0.,0.,-1.));
#2110=DIRECTION('',(-0.707106781186554,0.,-0.707106781186541));
#2111=DIRECTION('center_axis',(0.,1.,0.));
#2112=DIRECTION('ref_axis',(-0.707106781186554,0.,-0.707106781186541));
#2113=DIRECTION('',(0.707106781186554,0.,0.707106781186541));
#2114=DIRECTION('center_axis',(-0.707106781186541,0.,0.707106781186554));
#2115=DIRECTION('ref_axis',(0.707106781186554,0.,0.707106781186541));
#2116=DIRECTION('',(0.,1.,0.));
#2117=DIRECTION('center_axis',(0.,1.,0.));
#2118=DIRECTION('ref_axis',(-0.707106781186554,0.,-0.707106781186541));
#2119=DIRECTION('',(0.,1.,0.));
#2120=DIRECTION('center_axis',(0.707106781186541,0.,-0.707106781186554));
#2121=DIRECTION('ref_axis',(-0.707106781186554,0.,-0.707106781186541));
#2122=DIRECTION('center_axis',(0.,-1.,0.));
#2123=DIRECTION('ref_axis',(0.,0.,-1.));
#2124=DIRECTION('',(-1.9121976915406E-16,0.,-1.));
#2125=DIRECTION('center_axis',(0.,1.,0.));
#2126=DIRECTION('ref_axis',(0.,0.,-1.));
#2127=DIRECTION('',(0.,0.,1.));
#2128=DIRECTION('center_axis',(-1.,0.,0.));
#2129=DIRECTION('ref_axis',(0.,0.,1.));
#2130=DIRECTION('',(0.,1.,0.));
#2131=DIRECTION('center_axis',(0.,1.,0.));
#2132=DIRECTION('ref_axis',(1.22464679914735E-16,0.,-1.));
#2133=DIRECTION('',(0.,1.,0.));
#2134=DIRECTION('center_axis',(1.,0.,-1.49390444651609E-16));
#2135=DIRECTION('ref_axis',(-1.49390444651609E-16,0.,-1.));
#2136=DIRECTION('center_axis',(0.,-1.,0.));
#2137=DIRECTION('ref_axis',(0.,0.,-1.));
#2138=DIRECTION('',(0.707106781186544,0.,-0.707106781186552));
#2139=DIRECTION('center_axis',(0.,1.,0.));
#2140=DIRECTION('ref_axis',(0.707106781186544,0.,-0.707106781186551));
#2141=DIRECTION('',(-0.707106781186544,0.,0.707106781186551));
#2142=DIRECTION('center_axis',(-0.707106781186551,0.,-0.707106781186544));
#2143=DIRECTION('ref_axis',(-0.707106781186544,0.,0.707106781186551));
#2144=DIRECTION('',(0.,1.,0.));
#2145=DIRECTION('center_axis',(0.,1.,0.));
#2146=DIRECTION('ref_axis',(0.707106781186544,0.,-0.707106781186551));
#2147=DIRECTION('',(0.,1.,0.));
#2148=DIRECTION('center_axis',(0.707106781186551,0.,0.707106781186544));
#2149=DIRECTION('ref_axis',(0.707106781186544,0.,-0.707106781186551));
#2150=DIRECTION('center_axis',(0.,-1.,0.));
#2151=DIRECTION('ref_axis',(0.,0.,-1.));
#2152=DIRECTION('',(1.,0.,-3.63317561392714E-15));
#2153=DIRECTION('center_axis',(0.,1.,0.));
#2154=DIRECTION('ref_axis',(1.,0.,-3.49148133884313E-15));
#2155=DIRECTION('',(-1.,0.,3.44195584477307E-15));
#2156=DIRECTION('center_axis',(-3.49148133884313E-15,0.,-1.));
#2157=DIRECTION('ref_axis',(-1.,0.,3.49148133884313E-15));
#2158=DIRECTION('',(0.,1.,0.));
#2159=DIRECTION('center_axis',(0.,1.,0.));
#2160=DIRECTION('ref_axis',(0.,0.,1.));
#2161=DIRECTION('',(0.,1.,0.));
#2162=DIRECTION('center_axis',(3.64087178349474E-15,0.,1.));
#2163=DIRECTION('ref_axis',(1.,0.,-3.64087178349474E-15));
#2164=DIRECTION('center_axis',(0.,-1.,0.));
#2165=DIRECTION('ref_axis',(0.,0.,-1.));
#2166=DIRECTION('',(0.707106781186549,0.,0.707106781186546));
#2167=DIRECTION('center_axis',(0.,1.,0.));
#2168=DIRECTION('ref_axis',(0.707106781186549,0.,0.707106781186546));
#2169=DIRECTION('',(-0.707106781186548,0.,-0.707106781186547));
#2170=DIRECTION('center_axis',(0.707106781186546,0.,-0.707106781186549));
#2171=DIRECTION('ref_axis',(-0.707106781186549,0.,-0.707106781186546));
#2172=DIRECTION('',(0.,1.,0.));
#2173=DIRECTION('center_axis',(0.,1.,0.));
#2174=DIRECTION('ref_axis',(0.,0.,1.));
#2175=DIRECTION('',(0.,1.,0.));
#2176=DIRECTION('center_axis',(-0.707106781186546,0.,0.707106781186549));
#2177=DIRECTION('ref_axis',(0.707106781186549,0.,0.707106781186546));
#2178=DIRECTION('center_axis',(0.,1.,0.));
#2179=DIRECTION('ref_axis',(0.,0.,1.));
#2180=DIRECTION('center_axis',(0.,1.,0.));
#2181=DIRECTION('ref_axis',(0.,0.,1.));
#2182=DIRECTION('',(0.,1.,0.));
#2183=DIRECTION('center_axis',(0.,1.,0.));
#2184=DIRECTION('ref_axis',(0.,0.,1.));
#2185=CARTESIAN_POINT('',(0.,0.,0.));
#2186=CARTESIAN_POINT('Origin',(0.,0.,0.));
#2187=CARTESIAN_POINT('',(-1.34711147906209E-15,12.,11.));
#2188=CARTESIAN_POINT('Origin',(0.,12.,0.));
#2189=CARTESIAN_POINT('',(-1.34711147906209E-15,9.00000000000001,11.));
#2190=CARTESIAN_POINT('',(-1.34711147906209E-15,0.,11.));
#2191=CARTESIAN_POINT('Origin',(0.,9.00000000000001,0.));
#2192=CARTESIAN_POINT('Origin',(0.,7.,-22.6));
#2193=CARTESIAN_POINT('',(-2.52277240624355E-15,7.,20.6));
#2194=CARTESIAN_POINT('Origin',(0.,7.,0.));
#2195=CARTESIAN_POINT('',(-1.59204083889156E-15,7.,13.));
#2196=CARTESIAN_POINT('Origin',(0.,7.,0.));
#2197=CARTESIAN_POINT('Origin',(0.,0.,0.));
#2198=CARTESIAN_POINT('',(-2.76770176607302E-15,5.00000000000003,22.6));
#2199=CARTESIAN_POINT('Origin',(0.,5.00000000000003,0.));
#2200=CARTESIAN_POINT('',(-2.76770176607302E-15,-1.33486501107062E-15,22.6));
#2201=CARTESIAN_POINT('',(-2.76770176607302E-15,0.,22.6));
#2202=CARTESIAN_POINT('Origin',(0.,-1.33486501107062E-15,0.));
#2203=CARTESIAN_POINT('Origin',(0.,-6.67432505535308E-16,-33.5));
#2204=CARTESIAN_POINT('',(-4.10256677714363E-15,0.,33.5));
#2205=CARTESIAN_POINT('Origin',(0.,0.,0.));
#2206=CARTESIAN_POINT('',(2.1,-1.73472347597681E-15,-28.5));
#2207=CARTESIAN_POINT('',(-2.1,-1.73472347597681E-15,-28.5));
#2208=CARTESIAN_POINT('Origin',(-5.12439114425247E-17,-1.73472347597681E-15,
-28.5));
#2209=CARTESIAN_POINT('',(-2.1,-6.67432505535308E-16,-27.5));
#2210=CARTESIAN_POINT('',(-2.1,-1.73472347597681E-15,-28.5));
#2211=CARTESIAN_POINT('',(2.1,-1.73472347597681E-15,-27.5));
#2212=CARTESIAN_POINT('Origin',(7.12207684722107E-17,-1.73472347597681E-15,
-27.5));
#2213=CARTESIAN_POINT('',(2.1,-1.73472347597681E-15,-27.5));
#2214=CARTESIAN_POINT('',(21.6374675043065,-1.73472347597681E-15,-18.6676190233263));
#2215=CARTESIAN_POINT('',(18.6676190233231,-1.73472347597681E-15,-21.6374675043097));
#2216=CARTESIAN_POINT('Origin',(20.1525432638148,-1.73472347597681E-15,
-20.152543263818));
#2217=CARTESIAN_POINT('',(17.9605122421365,-6.67432505535308E-16,-20.9303607231232));
#2218=CARTESIAN_POINT('',(18.6676190233231,-1.73472347597681E-15,-21.6374675043097));
#2219=CARTESIAN_POINT('',(20.9303607231199,-1.73472347597681E-15,-17.9605122421397));
#2220=CARTESIAN_POINT('Origin',(19.4454364826282,-1.73472347597681E-15,
-19.4454364826315));
#2221=CARTESIAN_POINT('',(20.9303607231199,-1.73472347597681E-15,-17.9605122421397));
#2222=CARTESIAN_POINT('',(28.4999999999979,-1.73472347597681E-15,2.09999999999625));
#2223=CARTESIAN_POINT('',(28.4999999999979,-1.73472347597681E-15,-2.10000000000365));
#2224=CARTESIAN_POINT('Origin',(28.4999999999979,-1.73472347597681E-15,
-3.69795212794292E-12));
#2225=CARTESIAN_POINT('',(27.4999999999979,-6.67432505535308E-16,-2.10000000000365));
#2226=CARTESIAN_POINT('',(28.4999999999979,-1.73472347597681E-15,-2.10000000000365));
#2227=CARTESIAN_POINT('',(27.4999999999979,-1.73472347597681E-15,2.09999999999625));
#2228=CARTESIAN_POINT('Origin',(27.499999999998,-1.73472347597681E-15,-3.75047215506186E-12));
#2229=CARTESIAN_POINT('',(27.4999999999979,-1.73472347597681E-15,2.09999999999625));
#2230=CARTESIAN_POINT('',(18.6676190233241,-1.73472347597681E-15,21.6374675043028));
#2231=CARTESIAN_POINT('',(21.6374675043076,-1.73472347597681E-15,18.6676190233194));
#2232=CARTESIAN_POINT('Origin',(20.1525432638159,-1.73472347597681E-15,
20.1525432638111));
#2233=CARTESIAN_POINT('',(20.930360723121,-6.67432505535308E-16,17.9605122421328));
#2234=CARTESIAN_POINT('',(21.6374675043076,-1.73472347597681E-15,18.6676190233194));
#2235=CARTESIAN_POINT('',(17.9605122421376,-1.73472347597681E-15,20.9303607231162));
#2236=CARTESIAN_POINT('Origin',(19.4454364826293,-1.73472347597681E-15,
19.4454364826245));
#2237=CARTESIAN_POINT('',(17.9605122421376,-1.73472347597681E-15,20.9303607231162));
#2238=CARTESIAN_POINT('',(-2.0999999999984,-1.73472347597681E-15,28.4999999999942));
#2239=CARTESIAN_POINT('',(2.1000000000015,-1.73472347597681E-15,28.4999999999942));
#2240=CARTESIAN_POINT('Origin',(1.55335558879595E-12,-1.73472347597681E-15,
28.4999999999942));
#2241=CARTESIAN_POINT('',(2.1000000000015,-6.67432505535308E-16,27.4999999999942));
#2242=CARTESIAN_POINT('',(2.1000000000015,-1.73472347597681E-15,28.4999999999942));
#2243=CARTESIAN_POINT('',(-2.0999999999984,-1.73472347597681E-15,27.4999999999942));
#2244=CARTESIAN_POINT('Origin',(1.55311065943613E-12,-1.73472347597681E-15,
27.4999999999942));
#2245=CARTESIAN_POINT('',(-2.0999999999984,-1.73472347597681E-15,27.4999999999942));
#2246=CARTESIAN_POINT('',(-21.6374675043049,-1.73472347597681E-15,18.6676190233205));
#2247=CARTESIAN_POINT('',(-18.6676190233215,-1.73472347597681E-15,21.6374675043039));
#2248=CARTESIAN_POINT('Origin',(-20.1525432638132,-1.73472347597681E-15,
20.1525432638122));
#2249=CARTESIAN_POINT('',(-17.960512242135,-6.67432505535308E-16,20.9303607231173));
#2250=CARTESIAN_POINT('',(-18.6676190233215,-1.73472347597681E-15,21.6374675043039));
#2251=CARTESIAN_POINT('',(-20.9303607231184,-1.73472347597681E-15,17.9605122421339));
#2252=CARTESIAN_POINT('Origin',(-19.4454364826267,-1.73472347597681E-15,
19.4454364826256));
#2253=CARTESIAN_POINT('',(-20.9303607231184,-1.73472347597681E-15,17.9605122421339));
#2254=CARTESIAN_POINT('',(-28.4999999999963,-1.73472347597681E-15,-2.10000000000209));
#2255=CARTESIAN_POINT('',(-28.4999999999963,-1.73472347597681E-15,2.09999999999781));
#2256=CARTESIAN_POINT('Origin',(-28.4999999999963,-1.73472347597681E-15,
-2.1411062957694E-12));
#2257=CARTESIAN_POINT('',(-27.4999999999963,-6.67432505535308E-16,2.09999999999781));
#2258=CARTESIAN_POINT('',(-28.4999999999963,-1.73472347597681E-15,2.09999999999781));
#2259=CARTESIAN_POINT('',(-27.4999999999963,-1.73472347597681E-15,-2.10000000000209));
#2260=CARTESIAN_POINT('Origin',(-27.4999999999963,-1.73472347597681E-15,
-2.14141245746918E-12));
#2261=CARTESIAN_POINT('',(-27.4999999999963,-1.73472347597681E-15,-2.10000000000209));
#2262=CARTESIAN_POINT('',(-18.6676190233226,-1.73472347597681E-15,-21.6374675043086));
#2263=CARTESIAN_POINT('',(-21.637467504306,-1.73472347597681E-15,-18.6676190233252));
#2264=CARTESIAN_POINT('Origin',(-20.1525432638143,-1.73472347597681E-15,
-20.1525432638169));
#2265=CARTESIAN_POINT('',(-20.9303607231195,-6.67432505535308E-16,-17.9605122421386));
#2266=CARTESIAN_POINT('',(-21.637467504306,-1.73472347597681E-15,-18.6676190233252));
#2267=CARTESIAN_POINT('',(-17.9605122421361,-1.73472347597681E-15,-20.9303607231221));
#2268=CARTESIAN_POINT('Origin',(-19.4454364826278,-1.73472347597681E-15,
-19.4454364826304));
#2269=CARTESIAN_POINT('',(-17.9605122421361,-1.73472347597681E-15,-20.9303607231221));
#2270=CARTESIAN_POINT('Origin',(0.,0.,0.));
#2271=CARTESIAN_POINT('',(-4.10256677714363E-15,2.,33.5));
#2272=CARTESIAN_POINT('',(-4.10256677714363E-15,0.,33.5));
#2273=CARTESIAN_POINT('',(-3.6,2.,33.3060054644804));
#2274=CARTESIAN_POINT('Origin',(0.,2.,0.));
#2275=CARTESIAN_POINT('',(-3.6,10.,33.3060054644804));
#2276=CARTESIAN_POINT('',(-3.6,2.,33.3060054644804));
#2277=CARTESIAN_POINT('',(-21.0053179058986,10.,26.096486730442));
#2278=CARTESIAN_POINT('Origin',(0.,10.,0.));
#2279=CARTESIAN_POINT('',(-21.0053179058986,2.,26.096486730442));
#2280=CARTESIAN_POINT('',(-21.0053179058986,2.,26.096486730442));
#2281=CARTESIAN_POINT('',(-26.0964867304418,2.,21.0053179058989));
#2282=CARTESIAN_POINT('Origin',(0.,2.,0.));
#2283=CARTESIAN_POINT('',(-26.0964867304418,10.,21.0053179058989));
#2284=CARTESIAN_POINT('',(-26.0964867304418,2.,21.0053179058989));
#2285=CARTESIAN_POINT('',(-33.3060054644804,10.,3.60000000000012));
#2286=CARTESIAN_POINT('Origin',(0.,10.,0.));
#2287=CARTESIAN_POINT('',(-33.3060054644804,2.,3.60000000000012));
#2288=CARTESIAN_POINT('',(-33.3060054644804,2.,3.60000000000012));
#2289=CARTESIAN_POINT('',(-33.3060054644804,2.,-3.59999999999988));
#2290=CARTESIAN_POINT('Origin',(0.,2.,0.));
#2291=CARTESIAN_POINT('',(-33.3060054644804,10.,-3.59999999999988));
#2292=CARTESIAN_POINT('',(-33.3060054644804,2.,-3.59999999999988));
#2293=CARTESIAN_POINT('',(-26.0964867304419,10.,-21.0053179058987));
#2294=CARTESIAN_POINT('Origin',(0.,10.,0.));
#2295=CARTESIAN_POINT('',(-26.0964867304419,2.,-21.0053179058987));
#2296=CARTESIAN_POINT('',(-26.0964867304419,2.,-21.0053179058987));
#2297=CARTESIAN_POINT('',(-21.0053179058988,2.,-26.0964867304419));
#2298=CARTESIAN_POINT('Origin',(0.,2.,0.));
#2299=CARTESIAN_POINT('',(-21.0053179058988,10.,-26.0964867304419));
#2300=CARTESIAN_POINT('',(-21.0053179058988,2.,-26.0964867304419));
#2301=CARTESIAN_POINT('',(-3.6,10.,-33.3060054644804));
#2302=CARTESIAN_POINT('Origin',(0.,10.,0.));
#2303=CARTESIAN_POINT('',(-3.6,2.,-33.3060054644804));
#2304=CARTESIAN_POINT('',(-3.6,2.,-33.3060054644804));
#2305=CARTESIAN_POINT('',(3.6,2.,-33.3060054644804));
#2306=CARTESIAN_POINT('Origin',(0.,2.,0.));
#2307=CARTESIAN_POINT('',(3.6,10.,-33.3060054644804));
#2308=CARTESIAN_POINT('',(3.6,2.,-33.3060054644804));
#2309=CARTESIAN_POINT('',(21.0053179058984,10.,-26.0964867304421));
#2310=CARTESIAN_POINT('Origin',(0.,10.,0.));
#2311=CARTESIAN_POINT('',(21.0053179058984,2.,-26.0964867304421));
#2312=CARTESIAN_POINT('',(21.0053179058984,2.,-26.0964867304421));
#2313=CARTESIAN_POINT('',(26.0964867304416,2.,-21.0053179058991));
#2314=CARTESIAN_POINT('Origin',(0.,2.,0.));
#2315=CARTESIAN_POINT('',(26.0964867304416,10.,-21.0053179058991));
#2316=CARTESIAN_POINT('',(26.0964867304416,2.,-21.0053179058991));
#2317=CARTESIAN_POINT('',(33.3060054644804,10.,-3.60000000000035));
#2318=CARTESIAN_POINT('Origin',(0.,10.,0.));
#2319=CARTESIAN_POINT('',(33.3060054644804,2.,-3.60000000000035));
#2320=CARTESIAN_POINT('',(33.3060054644804,2.,-3.60000000000035));
#2321=CARTESIAN_POINT('',(33.3060054644805,2.,3.59999999999965));
#2322=CARTESIAN_POINT('Origin',(0.,2.,0.));
#2323=CARTESIAN_POINT('',(33.3060054644805,10.,3.59999999999965));
#2324=CARTESIAN_POINT('',(33.3060054644805,2.,3.59999999999965));
#2325=CARTESIAN_POINT('',(26.0964867304421,10.,21.0053179058985));
#2326=CARTESIAN_POINT('Origin',(0.,10.,0.));
#2327=CARTESIAN_POINT('',(26.0964867304421,2.,21.0053179058985));
#2328=CARTESIAN_POINT('',(26.0964867304421,2.,21.0053179058985));
#2329=CARTESIAN_POINT('',(21.005317905899,2.,26.0964867304417));
#2330=CARTESIAN_POINT('Origin',(0.,2.,0.));
#2331=CARTESIAN_POINT('',(21.005317905899,10.,26.0964867304417));
#2332=CARTESIAN_POINT('',(21.005317905899,2.,26.0964867304417));
#2333=CARTESIAN_POINT('',(3.6,10.,33.3060054644804));
#2334=CARTESIAN_POINT('Origin',(0.,10.,0.));
#2335=CARTESIAN_POINT('',(3.6,2.,33.3060054644804));
#2336=CARTESIAN_POINT('',(3.6,2.,33.3060054644804));
#2337=CARTESIAN_POINT('Origin',(0.,2.,0.));
#2338=CARTESIAN_POINT('Origin',(0.,10.,-33.5));
#2339=CARTESIAN_POINT('',(-27.5,10.,-3.5999999999999));
#2340=CARTESIAN_POINT('',(-27.5,10.,-3.5999999999999));
#2341=CARTESIAN_POINT('',(-27.5,10.,3.6000000000001));
#2342=CARTESIAN_POINT('Origin',(-27.5,10.,9.59615267095619E-14));
#2343=CARTESIAN_POINT('',(-33.3060054644804,10.,3.60000000000012));
#2344=CARTESIAN_POINT('',(-21.9910208949015,10.,16.8998520703586));
#2345=CARTESIAN_POINT('',(-21.9910208949015,10.,16.8998520703586));
#2346=CARTESIAN_POINT('',(-16.8998520703584,10.,21.9910208949017));
#2347=CARTESIAN_POINT('Origin',(-19.44543648263,10.,19.4454364826302));
#2348=CARTESIAN_POINT('',(-21.0053179058986,10.,26.096486730442));
#2349=CARTESIAN_POINT('',(-3.6,10.,27.5));
#2350=CARTESIAN_POINT('',(-3.6,10.,27.5));
#2351=CARTESIAN_POINT('',(3.6,10.,27.5));
#2352=CARTESIAN_POINT('Origin',(-5.42101086242752E-17,10.,27.5));
#2353=CARTESIAN_POINT('',(3.6,10.,33.3060054644804));
#2354=CARTESIAN_POINT('',(16.8998520703587,10.,21.9910208949015));
#2355=CARTESIAN_POINT('',(16.8998520703587,10.,21.9910208949015));
#2356=CARTESIAN_POINT('',(21.9910208949018,10.,16.8998520703583));
#2357=CARTESIAN_POINT('Origin',(19.4454364826302,10.,19.4454364826299));
#2358=CARTESIAN_POINT('',(26.0964867304421,10.,21.0053179058985));
#2359=CARTESIAN_POINT('',(27.5,10.,3.59999999999971));
#2360=CARTESIAN_POINT('',(27.5,10.,3.59999999999971));
#2361=CARTESIAN_POINT('',(27.5,10.,-3.60000000000029));
#2362=CARTESIAN_POINT('Origin',(27.5,10.,-2.87993000345934E-13));
#2363=CARTESIAN_POINT('',(33.3060054644804,10.,-3.60000000000035));
#2364=CARTESIAN_POINT('',(21.9910208949014,10.,-16.8998520703588));
#2365=CARTESIAN_POINT('',(21.9910208949014,10.,-16.8998520703588));
#2366=CARTESIAN_POINT('',(16.8998520703582,10.,-21.9910208949018));
#2367=CARTESIAN_POINT('Origin',(19.4454364826298,10.,-19.4454364826303));
#2368=CARTESIAN_POINT('',(21.0053179058984,10.,-26.0964867304421));
#2369=CARTESIAN_POINT('',(3.6,10.,-27.5));
#2370=CARTESIAN_POINT('',(3.6,10.,-27.5));
#2371=CARTESIAN_POINT('',(-3.6,10.,-27.5));
#2372=CARTESIAN_POINT('Origin',(5.42101086242752E-17,10.,-27.5));
#2373=CARTESIAN_POINT('',(-3.6,10.,-33.3060054644804));
#2374=CARTESIAN_POINT('',(-16.8998520703585,10.,-21.9910208949016));
#2375=CARTESIAN_POINT('',(-16.8998520703585,10.,-21.9910208949016));
#2376=CARTESIAN_POINT('',(-21.9910208949017,10.,-16.8998520703585));
#2377=CARTESIAN_POINT('Origin',(-19.4454364826301,10.,-19.44543648263));
#2378=CARTESIAN_POINT('',(-26.0964867304419,10.,-21.0053179058987));
#2379=CARTESIAN_POINT('',(-1.84615504971463E-15,10.,15.075));
#2380=CARTESIAN_POINT('Origin',(0.,10.,0.));
#2381=CARTESIAN_POINT('Origin',(0.,0.,0.));
#2382=CARTESIAN_POINT('',(0.,25.5,15.075));
#2383=CARTESIAN_POINT('',(-1.84615504971463E-15,0.,15.075));
#2384=CARTESIAN_POINT('Origin',(0.,25.5,0.));
#2385=CARTESIAN_POINT('Origin',(0.,0.,0.));
#2386=CARTESIAN_POINT('',(-1.78492270975727E-15,26.,14.575));
#2387=CARTESIAN_POINT('Origin',(0.,26.,0.));
#2388=CARTESIAN_POINT('',(0.,32.5,14.575));
#2389=CARTESIAN_POINT('',(-1.78492270975727E-15,0.,14.575));
#2390=CARTESIAN_POINT('Origin',(0.,32.5,0.));
#2391=CARTESIAN_POINT('Origin',(0.,33.,-14.575));
#2392=CARTESIAN_POINT('',(0.,33.,14.075));
#2393=CARTESIAN_POINT('Origin',(0.,33.,0.));
#2394=CARTESIAN_POINT('',(-2.93915231795365E-16,33.,-2.4));
#2395=CARTESIAN_POINT('Origin',(0.,33.,0.));
#2396=CARTESIAN_POINT('Origin',(0.,14.,-11.));
#2397=CARTESIAN_POINT('',(-1.10218211923262E-15,14.,8.99999999999999));
#2398=CARTESIAN_POINT('Origin',(0.,14.,0.));
#2399=CARTESIAN_POINT('Origin',(0.,7.,0.));
#2400=CARTESIAN_POINT('',(-2.52277240624355E-15,7.,20.6));
#2401=CARTESIAN_POINT('Origin',(0.,9.00000000000001,0.));
#2402=CARTESIAN_POINT('',(-1.34711147906209E-15,9.00000000000001,11.));
#2403=CARTESIAN_POINT('Origin',(0.,14.,0.));
#2404=CARTESIAN_POINT('',(-1.10218211923262E-15,14.,8.99999999999999));
#2405=CARTESIAN_POINT('Origin',(0.,25.5,0.));
#2406=CARTESIAN_POINT('',(-1.84615504971463E-15,25.5,15.075));
#2407=CARTESIAN_POINT('Origin',(0.,32.5,0.));
#2408=CARTESIAN_POINT('',(-1.78492270975727E-15,32.5,14.575));
#2409=CARTESIAN_POINT('Origin',(-20.1525432638143,-1.73472347597681E-15,
-20.1525432638169));
#2410=CARTESIAN_POINT('',(-18.6676190233226,2.,-21.6374675043086));
#2411=CARTESIAN_POINT('',(-18.6676190233226,-1.73472347597681E-15,-21.6374675043086));
#2412=CARTESIAN_POINT('',(-21.637467504306,2.,-18.6676190233252));
#2413=CARTESIAN_POINT('Origin',(-20.1525432638143,2.,-20.1525432638169));
#2414=CARTESIAN_POINT('',(-21.637467504306,-1.73472347597681E-15,-18.6676190233252));
#2415=CARTESIAN_POINT('Origin',(-18.6676190233226,-1.73472347597681E-15,
-21.6374675043086));
#2416=CARTESIAN_POINT('',(-17.9605122421361,2.,-20.9303607231221));
#2417=CARTESIAN_POINT('',(-17.9605122421361,-1.73472347597681E-15,-20.9303607231221));
#2418=CARTESIAN_POINT('',(-17.9605122421361,2.,-20.9303607231221));
#2419=CARTESIAN_POINT('Origin',(-19.4454364826278,-1.73472347597681E-15,
-19.4454364826304));
#2420=CARTESIAN_POINT('',(-20.9303607231195,2.,-17.9605122421386));
#2421=CARTESIAN_POINT('',(-20.9303607231195,-6.67432505535308E-16,-17.9605122421386));
#2422=CARTESIAN_POINT('Origin',(-19.4454364826278,2.,-19.4454364826304));
#2423=CARTESIAN_POINT('Origin',(-21.637467504306,-1.73472347597681E-15,
-18.6676190233252));
#2424=CARTESIAN_POINT('',(-21.637467504306,2.,-18.6676190233252));
#2425=CARTESIAN_POINT('Origin',(-28.4999999999963,-1.73472347597681E-15,
-2.1411062957694E-12));
#2426=CARTESIAN_POINT('',(-28.4999999999963,2.,-2.10000000000209));
#2427=CARTESIAN_POINT('',(-28.4999999999963,-1.73472347597681E-15,-2.10000000000209));
#2428=CARTESIAN_POINT('',(-28.4999999999963,2.,2.09999999999781));
#2429=CARTESIAN_POINT('Origin',(-28.4999999999963,2.,-2.1411062957694E-12));
#2430=CARTESIAN_POINT('',(-28.4999999999963,-1.73472347597681E-15,2.09999999999781));
#2431=CARTESIAN_POINT('Origin',(-28.4999999999963,-1.73472347597681E-15,
-2.10000000000209));
#2432=CARTESIAN_POINT('',(-27.4999999999963,2.,-2.10000000000209));
#2433=CARTESIAN_POINT('',(-27.4999999999963,-1.73472347597681E-15,-2.10000000000209));
#2434=CARTESIAN_POINT('',(-27.4999999999963,2.,-2.10000000000209));
#2435=CARTESIAN_POINT('Origin',(-27.4999999999963,-1.73472347597681E-15,
-2.14141245746918E-12));
#2436=CARTESIAN_POINT('',(-27.4999999999963,2.,2.09999999999781));
#2437=CARTESIAN_POINT('',(-27.4999999999963,-6.67432505535308E-16,2.09999999999781));
#2438=CARTESIAN_POINT('Origin',(-27.4999999999963,2.,-2.14141245746918E-12));
#2439=CARTESIAN_POINT('Origin',(-28.4999999999963,-1.73472347597681E-15,
2.09999999999781));
#2440=CARTESIAN_POINT('',(-28.4999999999963,2.,2.09999999999781));
#2441=CARTESIAN_POINT('Origin',(-20.1525432638132,-1.73472347597681E-15,
20.1525432638122));
#2442=CARTESIAN_POINT('',(-21.6374675043049,2.,18.6676190233205));
#2443=CARTESIAN_POINT('',(-21.6374675043049,-1.73472347597681E-15,18.6676190233205));
#2444=CARTESIAN_POINT('',(-18.6676190233215,2.,21.6374675043039));
#2445=CARTESIAN_POINT('Origin',(-20.1525432638132,2.,20.1525432638122));
#2446=CARTESIAN_POINT('',(-18.6676190233215,-1.73472347597681E-15,21.6374675043039));
#2447=CARTESIAN_POINT('Origin',(-21.6374675043049,-1.73472347597681E-15,
18.6676190233205));
#2448=CARTESIAN_POINT('',(-20.9303607231184,2.,17.9605122421339));
#2449=CARTESIAN_POINT('',(-20.9303607231184,-1.73472347597681E-15,17.9605122421339));
#2450=CARTESIAN_POINT('',(-20.9303607231184,2.,17.9605122421339));
#2451=CARTESIAN_POINT('Origin',(-19.4454364826267,-1.73472347597681E-15,
19.4454364826256));
#2452=CARTESIAN_POINT('',(-17.9605122421349,2.,20.9303607231173));
#2453=CARTESIAN_POINT('',(-17.9605122421349,-6.67432505535308E-16,20.9303607231173));
#2454=CARTESIAN_POINT('Origin',(-19.4454364826267,2.,19.4454364826256));
#2455=CARTESIAN_POINT('Origin',(-18.6676190233215,-1.73472347597681E-15,
21.6374675043039));
#2456=CARTESIAN_POINT('',(-18.6676190233215,2.,21.6374675043039));
#2457=CARTESIAN_POINT('Origin',(1.55335558879595E-12,-1.73472347597681E-15,
28.4999999999942));
#2458=CARTESIAN_POINT('',(-2.0999999999984,2.,28.4999999999942));
#2459=CARTESIAN_POINT('',(-2.0999999999984,-1.73472347597681E-15,28.4999999999942));
#2460=CARTESIAN_POINT('',(2.1000000000015,2.,28.4999999999942));
#2461=CARTESIAN_POINT('Origin',(1.55335558879595E-12,2.,28.4999999999942));
#2462=CARTESIAN_POINT('',(2.1000000000015,-1.73472347597681E-15,28.4999999999942));
#2463=CARTESIAN_POINT('Origin',(-2.0999999999984,-1.73472347597681E-15,
28.4999999999942));
#2464=CARTESIAN_POINT('',(-2.0999999999984,2.,27.4999999999942));
#2465=CARTESIAN_POINT('',(-2.0999999999984,-1.73472347597681E-15,27.4999999999942));
#2466=CARTESIAN_POINT('',(-2.0999999999984,2.,27.4999999999942));
#2467=CARTESIAN_POINT('Origin',(1.55311065943613E-12,-1.73472347597681E-15,
27.4999999999942));
#2468=CARTESIAN_POINT('',(2.1000000000015,2.,27.4999999999942));
#2469=CARTESIAN_POINT('',(2.1000000000015,-6.67432505535308E-16,27.4999999999942));
#2470=CARTESIAN_POINT('Origin',(1.55311065943613E-12,2.,27.4999999999942));
#2471=CARTESIAN_POINT('Origin',(2.1000000000015,-1.73472347597681E-15,28.4999999999942));
#2472=CARTESIAN_POINT('',(2.1000000000015,2.,28.4999999999942));
#2473=CARTESIAN_POINT('Origin',(20.1525432638159,-1.73472347597681E-15,
20.1525432638111));
#2474=CARTESIAN_POINT('',(18.6676190233241,2.,21.6374675043028));
#2475=CARTESIAN_POINT('',(18.6676190233241,-1.73472347597681E-15,21.6374675043028));
#2476=CARTESIAN_POINT('',(21.6374675043076,2.,18.6676190233194));
#2477=CARTESIAN_POINT('Origin',(20.1525432638159,2.,20.1525432638111));
#2478=CARTESIAN_POINT('',(21.6374675043076,-1.73472347597681E-15,18.6676190233194));
#2479=CARTESIAN_POINT('Origin',(18.6676190233241,-1.73472347597681E-15,
21.6374675043028));
#2480=CARTESIAN_POINT('',(17.9605122421376,2.,20.9303607231162));
#2481=CARTESIAN_POINT('',(17.9605122421376,-1.73472347597681E-15,20.9303607231162));
#2482=CARTESIAN_POINT('',(17.9605122421376,2.,20.9303607231162));
#2483=CARTESIAN_POINT('Origin',(19.4454364826293,-1.73472347597681E-15,
19.4454364826245));
#2484=CARTESIAN_POINT('',(20.930360723121,2.,17.9605122421328));
#2485=CARTESIAN_POINT('',(20.930360723121,-6.67432505535308E-16,17.9605122421328));
#2486=CARTESIAN_POINT('Origin',(19.4454364826293,2.,19.4454364826245));
#2487=CARTESIAN_POINT('Origin',(21.6374675043076,-1.73472347597681E-15,
18.6676190233194));
#2488=CARTESIAN_POINT('',(21.6374675043076,2.,18.6676190233194));
#2489=CARTESIAN_POINT('Origin',(28.4999999999979,-1.73472347597681E-15,
-3.69795212794292E-12));
#2490=CARTESIAN_POINT('',(28.4999999999979,2.,2.09999999999625));
#2491=CARTESIAN_POINT('',(28.4999999999979,-1.73472347597681E-15,2.09999999999625));
#2492=CARTESIAN_POINT('',(28.4999999999979,2.,-2.10000000000365));
#2493=CARTESIAN_POINT('Origin',(28.4999999999979,2.,-3.69795212794292E-12));
#2494=CARTESIAN_POINT('',(28.4999999999979,-1.73472347597681E-15,-2.10000000000365));
#2495=CARTESIAN_POINT('Origin',(28.4999999999979,-1.73472347597681E-15,
2.09999999999625));
#2496=CARTESIAN_POINT('',(27.4999999999979,2.,2.0999999999962));
#2497=CARTESIAN_POINT('',(27.4999999999979,-1.73472347597681E-15,2.09999999999625));
#2498=CARTESIAN_POINT('',(27.4999999999979,2.,2.09999999999625));
#2499=CARTESIAN_POINT('Origin',(27.499999999998,-1.73472347597681E-15,-3.75047215506186E-12));
#2500=CARTESIAN_POINT('',(27.4999999999979,2.,-2.1000000000037));
#2501=CARTESIAN_POINT('',(27.4999999999979,-6.67432505535308E-16,-2.1000000000037));
#2502=CARTESIAN_POINT('Origin',(27.499999999998,2.,-3.75047215506186E-12));
#2503=CARTESIAN_POINT('Origin',(28.4999999999979,-1.73472347597681E-15,
-2.10000000000365));
#2504=CARTESIAN_POINT('',(28.4999999999979,2.,-2.10000000000365));
#2505=CARTESIAN_POINT('Origin',(20.1525432638148,-1.73472347597681E-15,
-20.152543263818));
#2506=CARTESIAN_POINT('',(21.6374675043065,2.,-18.6676190233263));
#2507=CARTESIAN_POINT('',(21.6374675043065,-1.73472347597681E-15,-18.6676190233263));
#2508=CARTESIAN_POINT('',(18.6676190233231,2.,-21.6374675043097));
#2509=CARTESIAN_POINT('Origin',(20.1525432638148,2.,-20.152543263818));
#2510=CARTESIAN_POINT('',(18.6676190233231,-1.73472347597681E-15,-21.6374675043097));
#2511=CARTESIAN_POINT('Origin',(21.6374675043065,-1.73472347597681E-15,
-18.6676190233263));
#2512=CARTESIAN_POINT('',(20.9303607231199,2.,-17.9605122421397));
#2513=CARTESIAN_POINT('',(20.9303607231199,-1.73472347597681E-15,-17.9605122421397));
#2514=CARTESIAN_POINT('',(20.9303607231199,2.,-17.9605122421397));
#2515=CARTESIAN_POINT('Origin',(19.4454364826282,-1.73472347597681E-15,
-19.4454364826315));
#2516=CARTESIAN_POINT('',(17.9605122421365,2.,-20.9303607231232));
#2517=CARTESIAN_POINT('',(17.9605122421365,-6.67432505535308E-16,-20.9303607231232));
#2518=CARTESIAN_POINT('Origin',(19.4454364826282,2.,-19.4454364826315));
#2519=CARTESIAN_POINT('Origin',(18.6676190233231,-1.73472347597681E-15,
-21.6374675043097));
#2520=CARTESIAN_POINT('',(18.6676190233231,2.,-21.6374675043097));
#2521=CARTESIAN_POINT('Origin',(-5.12439114425247E-17,-1.73472347597681E-15,
-28.5));
#2522=CARTESIAN_POINT('',(2.1,2.,-28.5));
#2523=CARTESIAN_POINT('',(2.1,-1.73472347597681E-15,-28.5));
#2524=CARTESIAN_POINT('',(-2.1,2.,-28.5));
#2525=CARTESIAN_POINT('Origin',(-5.12439114425247E-17,2.,-28.5));
#2526=CARTESIAN_POINT('',(-2.1,-1.73472347597681E-15,-28.5));
#2527=CARTESIAN_POINT('Origin',(2.1,-1.73472347597681E-15,-28.5));
#2528=CARTESIAN_POINT('',(2.1,2.,-27.5));
#2529=CARTESIAN_POINT('',(2.1,-1.73472347597681E-15,-27.5));
#2530=CARTESIAN_POINT('',(2.1,2.,-27.5));
#2531=CARTESIAN_POINT('Origin',(7.12207684722107E-17,-1.73472347597681E-15,
-27.5));
#2532=CARTESIAN_POINT('',(-2.1,2.,-27.5));
#2533=CARTESIAN_POINT('',(-2.1,-6.67432505535308E-16,-27.5));
#2534=CARTESIAN_POINT('Origin',(7.12207684722107E-17,2.,-27.5));
#2535=CARTESIAN_POINT('Origin',(-2.1,-1.73472347597681E-15,-28.5));
#2536=CARTESIAN_POINT('',(-2.1,2.,-28.5));
#2537=CARTESIAN_POINT('Origin',(0.,2.,0.));
#2538=CARTESIAN_POINT('',(-3.6,2.,-27.5));
#2539=CARTESIAN_POINT('',(-3.6,2.,-33.3060054644804));
#2540=CARTESIAN_POINT('',(3.6,2.,-27.5));
#2541=CARTESIAN_POINT('Origin',(5.42101086242752E-17,2.,-27.5));
#2542=CARTESIAN_POINT('',(3.6,2.,-27.5));
#2543=CARTESIAN_POINT('Origin',(3.6,2.,-27.5));
#2544=CARTESIAN_POINT('',(3.6,2.,-27.5));
#2545=CARTESIAN_POINT('Origin',(5.42101086242752E-17,2.,-27.5));
#2546=CARTESIAN_POINT('',(-3.6,2.,-27.5));
#2547=CARTESIAN_POINT('Origin',(-3.6,2.,-33.3060054644804));
#2548=CARTESIAN_POINT('Origin',(0.,2.,0.));
#2549=CARTESIAN_POINT('',(16.8998520703582,2.,-21.9910208949018));
#2550=CARTESIAN_POINT('',(21.0053179058984,2.,-26.0964867304421));
#2551=CARTESIAN_POINT('',(21.9910208949014,2.,-16.8998520703588));
#2552=CARTESIAN_POINT('Origin',(19.4454364826298,2.,-19.4454364826303));
#2553=CARTESIAN_POINT('',(21.9910208949014,2.,-16.8998520703588));
#2554=CARTESIAN_POINT('Origin',(21.9910208949014,2.,-16.8998520703588));
#2555=CARTESIAN_POINT('',(21.9910208949014,2.,-16.8998520703588));
#2556=CARTESIAN_POINT('Origin',(19.4454364826298,2.,-19.4454364826303));
#2557=CARTESIAN_POINT('',(16.8998520703582,2.,-21.9910208949018));
#2558=CARTESIAN_POINT('Origin',(21.0053179058984,2.,-26.0964867304421));
#2559=CARTESIAN_POINT('Origin',(0.,2.,0.));
#2560=CARTESIAN_POINT('',(27.5,2.,-3.60000000000029));
#2561=CARTESIAN_POINT('',(33.3060054644804,2.,-3.60000000000035));
#2562=CARTESIAN_POINT('',(27.5,2.,3.59999999999971));
#2563=CARTESIAN_POINT('Origin',(27.5,2.,-2.87993000345934E-13));
#2564=CARTESIAN_POINT('',(27.5,2.,3.59999999999971));
#2565=CARTESIAN_POINT('Origin',(27.5,2.,3.59999999999971));
#2566=CARTESIAN_POINT('',(27.5,2.,3.59999999999971));
#2567=CARTESIAN_POINT('Origin',(27.5,2.,-2.87993000345934E-13));
#2568=CARTESIAN_POINT('',(27.5,2.,-3.60000000000029));
#2569=CARTESIAN_POINT('Origin',(33.3060054644804,2.,-3.60000000000035));
#2570=CARTESIAN_POINT('Origin',(0.,2.,0.));
#2571=CARTESIAN_POINT('',(21.9910208949018,2.,16.8998520703583));
#2572=CARTESIAN_POINT('',(26.0964867304421,2.,21.0053179058985));
#2573=CARTESIAN_POINT('',(16.8998520703587,2.,21.9910208949015));
#2574=CARTESIAN_POINT('Origin',(19.4454364826302,2.,19.4454364826299));
#2575=CARTESIAN_POINT('',(16.8998520703587,2.,21.9910208949015));
#2576=CARTESIAN_POINT('Origin',(16.8998520703587,2.,21.9910208949015));
#2577=CARTESIAN_POINT('',(16.8998520703587,2.,21.9910208949015));
#2578=CARTESIAN_POINT('Origin',(19.4454364826302,2.,19.4454364826299));
#2579=CARTESIAN_POINT('',(21.9910208949018,2.,16.8998520703583));
#2580=CARTESIAN_POINT('Origin',(26.0964867304421,2.,21.0053179058985));
#2581=CARTESIAN_POINT('Origin',(0.,2.,0.));
#2582=CARTESIAN_POINT('',(3.6,2.,27.5));
#2583=CARTESIAN_POINT('',(3.6,2.,33.3060054644804));
#2584=CARTESIAN_POINT('',(-3.6,2.,27.5));
#2585=CARTESIAN_POINT('Origin',(-5.42101086242752E-17,2.,27.5));
#2586=CARTESIAN_POINT('',(-3.6,2.,27.5));
#2587=CARTESIAN_POINT('Origin',(-3.6,2.,27.5));
#2588=CARTESIAN_POINT('',(-3.6,2.,27.5));
#2589=CARTESIAN_POINT('Origin',(-5.42101086242752E-17,2.,27.5));
#2590=CARTESIAN_POINT('',(3.6,2.,27.5));
#2591=CARTESIAN_POINT('Origin',(3.6,2.,33.3060054644804));
#2592=CARTESIAN_POINT('Origin',(0.,2.,0.));
#2593=CARTESIAN_POINT('',(-16.8998520703584,2.,21.9910208949017));
#2594=CARTESIAN_POINT('',(-21.0053179058986,2.,26.096486730442));
#2595=CARTESIAN_POINT('',(-21.9910208949015,2.,16.8998520703586));
#2596=CARTESIAN_POINT('Origin',(-19.44543648263,2.,19.4454364826302));
#2597=CARTESIAN_POINT('',(-21.9910208949015,2.,16.8998520703586));
#2598=CARTESIAN_POINT('Origin',(-21.9910208949015,2.,16.8998520703586));
#2599=CARTESIAN_POINT('',(-21.9910208949015,2.,16.8998520703586));
#2600=CARTESIAN_POINT('Origin',(-19.44543648263,2.,19.4454364826302));
#2601=CARTESIAN_POINT('',(-16.8998520703584,2.,21.9910208949017));
#2602=CARTESIAN_POINT('Origin',(-21.0053179058986,2.,26.096486730442));
#2603=CARTESIAN_POINT('Origin',(0.,2.,0.));
#2604=CARTESIAN_POINT('',(-27.5,2.,3.6000000000001));
#2605=CARTESIAN_POINT('',(-33.3060054644804,2.,3.60000000000012));
#2606=CARTESIAN_POINT('',(-27.5,2.,-3.5999999999999));
#2607=CARTESIAN_POINT('Origin',(-27.5,2.,9.59615267095619E-14));
#2608=CARTESIAN_POINT('',(-27.5,2.,-3.5999999999999));
#2609=CARTESIAN_POINT('Origin',(-27.5,2.,-3.5999999999999));
#2610=CARTESIAN_POINT('',(-27.5,2.,-3.5999999999999));
#2611=CARTESIAN_POINT('Origin',(-27.5,2.,9.59615267095619E-14));
#2612=CARTESIAN_POINT('',(-27.5,2.,3.6000000000001));
#2613=CARTESIAN_POINT('Origin',(-33.3060054644804,2.,3.60000000000012));
#2614=CARTESIAN_POINT('Origin',(0.,2.,0.));
#2615=CARTESIAN_POINT('',(-21.9910208949017,2.,-16.8998520703585));
#2616=CARTESIAN_POINT('',(-26.0964867304419,2.,-21.0053179058987));
#2617=CARTESIAN_POINT('',(-16.8998520703585,2.,-21.9910208949016));
#2618=CARTESIAN_POINT('Origin',(-19.4454364826301,2.,-19.44543648263));
#2619=CARTESIAN_POINT('',(-16.8998520703585,2.,-21.9910208949016));
#2620=CARTESIAN_POINT('Origin',(-16.8998520703585,2.,-21.9910208949016));
#2621=CARTESIAN_POINT('',(-16.8998520703585,2.,-21.9910208949016));
#2622=CARTESIAN_POINT('Origin',(-19.4454364826301,2.,-19.44543648263));
#2623=CARTESIAN_POINT('',(-21.9910208949017,2.,-16.8998520703585));
#2624=CARTESIAN_POINT('Origin',(-26.0964867304419,2.,-21.0053179058987));
#2625=CARTESIAN_POINT('Origin',(0.,20.,0.));
#2626=CARTESIAN_POINT('',(-2.93915231795365E-16,20.,-2.4));
#2627=CARTESIAN_POINT('Origin',(0.,20.,0.));
#2628=CARTESIAN_POINT('',(-2.93915231795365E-16,20.,-2.4));
#2629=CARTESIAN_POINT('Origin',(0.,20.,0.));
#2630=UNCERTAINTY_MEASURE_WITH_UNIT(LENGTH_MEASURE(0.01),#2634,
'DISTANCE_ACCURACY_VALUE',
'Maximum model space distance between geometric entities at asserted c
onnectivities');
#2631=UNCERTAINTY_MEASURE_WITH_UNIT(LENGTH_MEASURE(0.01),#2634,
'DISTANCE_ACCURACY_VALUE',
'Maximum model space distance between geometric entities at asserted c
onnectivities');
#2632=(
GEOMETRIC_REPRESENTATION_CONTEXT(3)
GLOBAL_UNCERTAINTY_ASSIGNED_CONTEXT((#2630))
GLOBAL_UNIT_ASSIGNED_CONTEXT((#2634,#2636,#2637))
REPRESENTATION_CONTEXT('','3D')
);
#2633=(
GEOMETRIC_REPRESENTATION_CONTEXT(3)
GLOBAL_UNCERTAINTY_ASSIGNED_CONTEXT((#2631))
GLOBAL_UNIT_ASSIGNED_CONTEXT((#2634,#2636,#2637))
REPRESENTATION_CONTEXT('','3D')
);
#2634=(
LENGTH_UNIT()
NAMED_UNIT(*)
SI_UNIT(.MILLI.,.METRE.)
);
#2635=(
LENGTH_UNIT()
NAMED_UNIT(*)
SI_UNIT(.CENTI.,.METRE.)
);
#2636=(
NAMED_UNIT(*)
PLANE_ANGLE_UNIT()
SI_UNIT($,.RADIAN.)
);
#2637=(
NAMED_UNIT(*)
SI_UNIT($,.STERADIAN.)
SOLID_ANGLE_UNIT()
);
#2638=SHAPE_DEFINITION_REPRESENTATION(#2639,#2640);
#2639=PRODUCT_DEFINITION_SHAPE('',$,#2642);
#2640=SHAPE_REPRESENTATION('',(#1560),#2632);
#2641=PRODUCT_DEFINITION_CONTEXT('part definition',#2646,'design');
#2642=PRODUCT_DEFINITION('\X2\673A52A05DE5\X0\_\X2\8F6E8F7452A05DE5\X0\',
'\X2\673A52A05DE5\X0\_\X2\8F6E8F7452A05DE5\X0\',#2643,#2641);
#2643=PRODUCT_DEFINITION_FORMATION('',$,#2648);
#2644=PRODUCT_RELATED_PRODUCT_CATEGORY('\X2\673A52A05DE5\X0\_\X2\8F6E8F7452A05DE5\X0\',
'\X2\673A52A05DE5\X0\_\X2\8F6E8F7452A05DE5\X0\',(#2648));
#2645=APPLICATION_PROTOCOL_DEFINITION('international standard',
'automotive_design',2009,#2646);
#2646=APPLICATION_CONTEXT(
'Core Data for Automotive Mechanical Design Process');
#2647=PRODUCT_CONTEXT('part definition',#2646,'mechanical');
#2648=PRODUCT('\X2\673A52A05DE5\X0\_\X2\8F6E8F7452A05DE5\X0\',
'\X2\673A52A05DE5\X0\_\X2\8F6E8F7452A05DE5\X0\',$,(#2647));
#2649=PRESENTATION_STYLE_ASSIGNMENT((#2650));
#2650=SURFACE_STYLE_USAGE(.BOTH.,#2653);
#2651=SURFACE_STYLE_RENDERING_WITH_PROPERTIES($,#2657,(#2652));
#2652=SURFACE_STYLE_TRANSPARENT(0.);
#2653=SURFACE_SIDE_STYLE('',(#2654,#2651));
#2654=SURFACE_STYLE_FILL_AREA(#2655);
#2655=FILL_AREA_STYLE('',(#2656));
#2656=FILL_AREA_STYLE_COLOUR('',#2657);
#2657=COLOUR_RGB('',0.866666666666667,0.909803921568627,1.);
ENDSEC;
END-ISO-10303-21;
